2026/09/04 15:47:37 [INFO] Packer version: 1.16.0 [go1.26.3 darwin arm64]
2026/09/04 15:47:37 [INFO] PACKER_CONFIG env var not set; checking the default config file path
2026/09/04 15:47:37 [INFO] PACKER_CONFIG env var set; attempting to open config file: /Users/brijeshbolar/.packerconfig
2026/09/04 15:47:37 [WARN] Config file doesn't exist: /Users/brijeshbolar/.packerconfig
2026/09/04 15:47:37 [INFO] Setting cache directory: /Users/brijeshbolar/.cache/packer
2026/09/04 15:47:37 [TRACE] listing potential installations for "github.com/hashicorp/amazon" that match ">= 1.0.0". plugingetter.ListInstallationsOptions{PluginDirectory:"/Users/brijeshbolar/.config/packer/plugins", BinaryInstallationOptions:plugingetter.BinaryInstallationOptions{APIVersionMajor:"5", APIVersionMinor:"0", OS:"darwin", ARCH:"arm64", Ext:"", Checksummers:[]plugingetter.Checksummer{plugingetter.Checksummer{Type:"sha256", Hash:(*sha256.Digest)(0x55e0fe26280)}}, ReleasesOnly:false}}
2026/09/04 15:47:37 [TRACE] Found the following "github.com/hashicorp/amazon" installations: [{/Users/brijeshbolar/.config/packer/plugins/github.com/hashicorp/amazon/packer-plugin-amazon_v1.8.2_x5.0_darwin_arm64 v1.8.2 x5.0}]
2026/09/04 15:47:37 [INFO] found external [chroot ebs ebssurrogate ebsvolume instance] builders from amazon plugin
2026/09/04 15:47:37 [INFO] found external [import] post-processors from amazon plugin
2026/09/04 15:47:37 found external [ami parameterstore secretsmanager] datasource from amazon plugin
2026/09/04 15:47:37 [TRACE] listing potential installations for <nil> that match "". plugingetter.ListInstallationsOptions{PluginDirectory:"/Users/brijeshbolar/.config/packer/plugins", BinaryInstallationOptions:plugingetter.BinaryInstallationOptions{APIVersionMajor:"5", APIVersionMinor:"0", OS:"darwin", ARCH:"arm64", Ext:"", Checksummers:[]plugingetter.Checksummer{plugingetter.Checksummer{Type:"sha256", Hash:(*sha256.Digest)(0x55e0fb92480)}}, ReleasesOnly:false}}
2026/09/04 15:47:37 [INFO] found external [chroot ebs ebssurrogate ebsvolume instance] builders from amazon plugin
2026/09/04 15:47:37 [INFO] found external [import] post-processors from amazon plugin
2026/09/04 15:47:37 found external [ami parameterstore secretsmanager] datasource from amazon plugin
2026/09/04 15:47:37 [TRACE] validateValue: not active for ssh_username, so skipping
2026/09/04 15:47:37 [TRACE] validateValue: not active for vpc_id, so skipping
2026/09/04 15:47:37 [TRACE] validateValue: not active for subnet_id, so skipping
2026/09/04 15:47:37 [TRACE] validateValue: not active for security_group_id, so skipping
2026/09/04 15:47:37 [TRACE] validateValue: not active for aws_region, so skipping
2026/09/04 15:47:37 [TRACE] validateValue: not active for source_ami, so skipping
2026/09/04 15:47:37 [TRACE] validateValue: not active for instance_type, so skipping
2026/09/04 15:47:37 [TRACE] Using protobuf for communication with plugins
2026/09/04 15:47:37 [INFO] Starting external plugin /Users/brijeshbolar/.config/packer/plugins/github.com/hashicorp/amazon/packer-plugin-amazon_v1.8.2_x5.0_darwin_arm64 start builder --protobuf ebs
2026/09/04 15:47:37 Starting plugin: /Users/brijeshbolar/.config/packer/plugins/github.com/hashicorp/amazon/packer-plugin-amazon_v1.8.2_x5.0_darwin_arm64 []string{"/Users/brijeshbolar/.config/packer/plugins/github.com/hashicorp/amazon/packer-plugin-amazon_v1.8.2_x5.0_darwin_arm64", "start", "builder", "--protobuf", "ebs"}
2026/09/04 15:47:37 Waiting for RPC address for: /Users/brijeshbolar/.config/packer/plugins/github.com/hashicorp/amazon/packer-plugin-amazon_v1.8.2_x5.0_darwin_arm64
2026/09/04 15:47:37 packer-plugin-amazon_v1.8.2_x5.0_darwin_arm64 plugin: 2026/09/04 15:47:37 Plugin address: unix /var/folders/1n/j9vqp88s1zs1f19m46fjvtb00000gn/T/packer-plugin1430664137
2026/09/04 15:47:37 packer-plugin-amazon_v1.8.2_x5.0_darwin_arm64 plugin: 2026/09/04 15:47:37 Waiting for connection...
2026/09/04 15:47:37 Received unix RPC address for /Users/brijeshbolar/.config/packer/plugins/github.com/hashicorp/amazon/packer-plugin-amazon_v1.8.2_x5.0_darwin_arm64: addr is /var/folders/1n/j9vqp88s1zs1f19m46fjvtb00000gn/T/packer-plugin1430664137
2026/09/04 15:47:37 packer-plugin-amazon_v1.8.2_x5.0_darwin_arm64 plugin: 2026/09/04 15:47:37 Serving a plugin connection...
2026/09/04 15:47:37 packer-plugin-amazon_v1.8.2_x5.0_darwin_arm64 plugin: 2026/09/04 15:47:37 [TRACE] starting builder ebs
2026/09/04 15:47:37 packer-plugin-amazon_v1.8.2_x5.0_darwin_arm64 plugin: 2026/09/04 15:47:37 [DEBUG] - common: sending ConfigSpec as protobuf
2026/09/04 15:47:37 [DEBUG] - common: receiving ConfigSpec as protobuf
2026/09/04 15:47:37 packer-plugin-amazon_v1.8.2_x5.0_darwin_arm64 plugin: 2026/09/04 15:47:37 [INFO] (aws): No AWS timeout and polling overrides have been set. Packer will default to waiter-specific delays and timeouts. If you would like to customize the length of time between retries and max number of retries you may do so by setting the environment variables AWS_POLL_DELAY_SECONDS and AWS_MAX_ATTEMPTS or the configuration options aws_polling_delay_seconds and aws_polling_max_attempts to your desired values.
2026/09/04 15:47:37 packer-plugin-amazon_v1.8.2_x5.0_darwin_arm64 plugin: 2026/09/04 15:47:37 [DEBUG] - common: sending ConfigSpec as protobuf
2026/09/04 15:47:37 [DEBUG] - common: receiving ConfigSpec as protobuf
2026/09/04 15:47:37 [INFO] Starting external plugin /opt/homebrew/bin/packer execute --protobuf packer-provisioner-shell
2026/09/04 15:47:37 Starting plugin: /opt/homebrew/bin/packer []string{"/opt/homebrew/bin/packer", "execute", "--protobuf", "packer-provisioner-shell"}
2026/09/04 15:47:37 Waiting for RPC address for: /opt/homebrew/bin/packer
2026/09/04 15:47:37 packer-provisioner-shell plugin: [INFO] Packer version: 1.16.0 [go1.26.3 darwin arm64]
2026/09/04 15:47:37 packer-provisioner-shell plugin: [INFO] PACKER_CONFIG env var not set; checking the default config file path
2026/09/04 15:47:37 packer-provisioner-shell plugin: [INFO] PACKER_CONFIG env var set; attempting to open config file: /Users/brijeshbolar/.packerconfig
2026/09/04 15:47:37 packer-provisioner-shell plugin: [WARN] Config file doesn't exist: /Users/brijeshbolar/.packerconfig
2026/09/04 15:47:37 packer-provisioner-shell plugin: [INFO] Setting cache directory: /Users/brijeshbolar/.cache/packer
2026/09/04 15:47:37 packer-provisioner-shell plugin: Plugin address: unix /var/folders/1n/j9vqp88s1zs1f19m46fjvtb00000gn/T/packer-plugin1921214702
2026/09/04 15:47:37 packer-provisioner-shell plugin: Waiting for connection...
2026/09/04 15:47:37 Received unix RPC address for /opt/homebrew/bin/packer: addr is /var/folders/1n/j9vqp88s1zs1f19m46fjvtb00000gn/T/packer-plugin1921214702
2026/09/04 15:47:37 packer-provisioner-shell plugin: Serving a plugin connection...
2026/09/04 15:47:37 packer-provisioner-shell plugin: [DEBUG] - common: sending ConfigSpec as protobuf
2026/09/04 15:47:37 [DEBUG] - common: receiving ConfigSpec as protobuf
2026/09/04 15:47:37 packer-provisioner-shell plugin: [DEBUG] - common: sending ConfigSpec as protobuf
2026/09/04 15:47:37 [DEBUG] - common: receiving ConfigSpec as protobuf
2026/09/04 15:47:37 [INFO] Starting external plugin /opt/homebrew/bin/packer execute --protobuf packer-provisioner-shell
2026/09/04 15:47:37 Starting plugin: /opt/homebrew/bin/packer []string{"/opt/homebrew/bin/packer", "execute", "--protobuf", "packer-provisioner-shell"}
2026/09/04 15:47:37 Waiting for RPC address for: /opt/homebrew/bin/packer
2026/09/04 15:47:37 packer-provisioner-shell plugin: [INFO] Packer version: 1.16.0 [go1.26.3 darwin arm64]
2026/09/04 15:47:37 packer-provisioner-shell plugin: [INFO] PACKER_CONFIG env var not set; checking the default config file path
2026/09/04 15:47:37 packer-provisioner-shell plugin: [INFO] PACKER_CONFIG env var set; attempting to open config file: /Users/brijeshbolar/.packerconfig
2026/09/04 15:47:37 packer-provisioner-shell plugin: [WARN] Config file doesn't exist: /Users/brijeshbolar/.packerconfig
2026/09/04 15:47:37 packer-provisioner-shell plugin: [INFO] Setting cache directory: /Users/brijeshbolar/.cache/packer
2026/09/04 15:47:37 packer-provisioner-shell plugin: Plugin address: unix /var/folders/1n/j9vqp88s1zs1f19m46fjvtb00000gn/T/packer-plugin459008054
2026/09/04 15:47:37 packer-provisioner-shell plugin: Waiting for connection...
2026/09/04 15:47:37 Received unix RPC address for /opt/homebrew/bin/packer: addr is /var/folders/1n/j9vqp88s1zs1f19m46fjvtb00000gn/T/packer-plugin459008054
2026/09/04 15:47:37 packer-provisioner-shell plugin: Serving a plugin connection...
2026/09/04 15:47:37 packer-provisioner-shell plugin: [DEBUG] - common: sending ConfigSpec as protobuf
2026/09/04 15:47:37 [DEBUG] - common: receiving ConfigSpec as protobuf
2026/09/04 15:47:37 packer-provisioner-shell plugin: [DEBUG] - common: sending ConfigSpec as protobuf
2026/09/04 15:47:37 [DEBUG] - common: receiving ConfigSpec as protobuf
2026/09/04 15:47:37 [INFO] Starting external plugin /opt/homebrew/bin/packer execute --protobuf packer-provisioner-shell
2026/09/04 15:47:37 Starting plugin: /opt/homebrew/bin/packer []string{"/opt/homebrew/bin/packer", "execute", "--protobuf", "packer-provisioner-shell"}
2026/09/04 15:47:37 Waiting for RPC address for: /opt/homebrew/bin/packer
2026/09/04 15:47:37 packer-provisioner-shell plugin: [INFO] Packer version: 1.16.0 [go1.26.3 darwin arm64]
2026/09/04 15:47:37 packer-provisioner-shell plugin: [INFO] PACKER_CONFIG env var not set; checking the default config file path
2026/09/04 15:47:37 packer-provisioner-shell plugin: [INFO] PACKER_CONFIG env var set; attempting to open config file: /Users/brijeshbolar/.packerconfig
2026/09/04 15:47:37 packer-provisioner-shell plugin: [WARN] Config file doesn't exist: /Users/brijeshbolar/.packerconfig
2026/09/04 15:47:37 packer-provisioner-shell plugin: [INFO] Setting cache directory: /Users/brijeshbolar/.cache/packer
2026/09/04 15:47:37 packer-provisioner-shell plugin: Plugin address: unix /var/folders/1n/j9vqp88s1zs1f19m46fjvtb00000gn/T/packer-plugin372472616
2026/09/04 15:47:37 packer-provisioner-shell plugin: Waiting for connection...
2026/09/04 15:47:37 Received unix RPC address for /opt/homebrew/bin/packer: addr is /var/folders/1n/j9vqp88s1zs1f19m46fjvtb00000gn/T/packer-plugin372472616
2026/09/04 15:47:37 packer-provisioner-shell plugin: Serving a plugin connection...
2026/09/04 15:47:37 packer-provisioner-shell plugin: [DEBUG] - common: sending ConfigSpec as protobuf
2026/09/04 15:47:37 [DEBUG] - common: receiving ConfigSpec as protobuf
2026/09/04 15:47:37 packer-provisioner-shell plugin: [DEBUG] - common: sending ConfigSpec as protobuf
2026/09/04 15:47:37 [DEBUG] - common: receiving ConfigSpec as protobuf
2026/09/04 15:47:37 [INFO] Starting external plugin /opt/homebrew/bin/packer execute --protobuf packer-provisioner-shell
2026/09/04 15:47:37 Starting plugin: /opt/homebrew/bin/packer []string{"/opt/homebrew/bin/packer", "execute", "--protobuf", "packer-provisioner-shell"}
2026/09/04 15:47:37 Waiting for RPC address for: /opt/homebrew/bin/packer
2026/09/04 15:47:37 packer-provisioner-shell plugin: [INFO] Packer version: 1.16.0 [go1.26.3 darwin arm64]
2026/09/04 15:47:37 packer-provisioner-shell plugin: [INFO] PACKER_CONFIG env var not set; checking the default config file path
2026/09/04 15:47:37 packer-provisioner-shell plugin: [INFO] PACKER_CONFIG env var set; attempting to open config file: /Users/brijeshbolar/.packerconfig
2026/09/04 15:47:37 packer-provisioner-shell plugin: [WARN] Config file doesn't exist: /Users/brijeshbolar/.packerconfig
2026/09/04 15:47:37 packer-provisioner-shell plugin: [INFO] Setting cache directory: /Users/brijeshbolar/.cache/packer
2026/09/04 15:47:37 packer-provisioner-shell plugin: Plugin address: unix /var/folders/1n/j9vqp88s1zs1f19m46fjvtb00000gn/T/packer-plugin2433887525
2026/09/04 15:47:37 packer-provisioner-shell plugin: Waiting for connection...
2026/09/04 15:47:37 Received unix RPC address for /opt/homebrew/bin/packer: addr is /var/folders/1n/j9vqp88s1zs1f19m46fjvtb00000gn/T/packer-plugin2433887525
2026/09/04 15:47:37 packer-provisioner-shell plugin: Serving a plugin connection...
2026/09/04 15:47:37 packer-provisioner-shell plugin: [DEBUG] - common: sending ConfigSpec as protobuf
2026/09/04 15:47:37 [DEBUG] - common: receiving ConfigSpec as protobuf
2026/09/04 15:47:37 packer-provisioner-shell plugin: [DEBUG] - common: sending ConfigSpec as protobuf
2026/09/04 15:47:37 [DEBUG] - common: receiving ConfigSpec as protobuf
2026/09/04 15:47:37 [INFO] Starting external plugin /opt/homebrew/bin/packer execute --protobuf packer-provisioner-shell
2026/09/04 15:47:37 Starting plugin: /opt/homebrew/bin/packer []string{"/opt/homebrew/bin/packer", "execute", "--protobuf", "packer-provisioner-shell"}
2026/09/04 15:47:37 Waiting for RPC address for: /opt/homebrew/bin/packer
2026/09/04 15:47:37 packer-provisioner-shell plugin: [INFO] Packer version: 1.16.0 [go1.26.3 darwin arm64]
2026/09/04 15:47:37 packer-provisioner-shell plugin: [INFO] PACKER_CONFIG env var not set; checking the default config file path
2026/09/04 15:47:37 packer-provisioner-shell plugin: [INFO] PACKER_CONFIG env var set; attempting to open config file: /Users/brijeshbolar/.packerconfig
2026/09/04 15:47:37 packer-provisioner-shell plugin: [WARN] Config file doesn't exist: /Users/brijeshbolar/.packerconfig
2026/09/04 15:47:37 packer-provisioner-shell plugin: [INFO] Setting cache directory: /Users/brijeshbolar/.cache/packer
2026/09/04 15:47:37 Received unix RPC address for /opt/homebrew/bin/packer: addr is /var/folders/1n/j9vqp88s1zs1f19m46fjvtb00000gn/T/packer-plugin958018008
2026/09/04 15:47:37 packer-provisioner-shell plugin: Plugin address: unix /var/folders/1n/j9vqp88s1zs1f19m46fjvtb00000gn/T/packer-plugin958018008
2026/09/04 15:47:37 packer-provisioner-shell plugin: Waiting for connection...
2026/09/04 15:47:37 packer-provisioner-shell plugin: Serving a plugin connection...
2026/09/04 15:47:37 packer-provisioner-shell plugin: [DEBUG] - common: sending ConfigSpec as protobuf
2026/09/04 15:47:37 [DEBUG] - common: receiving ConfigSpec as protobuf
2026/09/04 15:47:37 packer-provisioner-shell plugin: [DEBUG] - common: sending ConfigSpec as protobuf
2026/09/04 15:47:37 [DEBUG] - common: receiving ConfigSpec as protobuf
2026/09/04 15:47:37 [INFO] Starting external plugin /opt/homebrew/bin/packer execute --protobuf packer-provisioner-shell
2026/09/04 15:47:37 Starting plugin: /opt/homebrew/bin/packer []string{"/opt/homebrew/bin/packer", "execute", "--protobuf", "packer-provisioner-shell"}
2026/09/04 15:47:37 Waiting for RPC address for: /opt/homebrew/bin/packer
2026/09/04 15:47:37 packer-provisioner-shell plugin: [INFO] Packer version: 1.16.0 [go1.26.3 darwin arm64]
2026/09/04 15:47:37 packer-provisioner-shell plugin: [INFO] PACKER_CONFIG env var not set; checking the default config file path
2026/09/04 15:47:37 packer-provisioner-shell plugin: [INFO] PACKER_CONFIG env var set; attempting to open config file: /Users/brijeshbolar/.packerconfig
2026/09/04 15:47:37 packer-provisioner-shell plugin: [WARN] Config file doesn't exist: /Users/brijeshbolar/.packerconfig
2026/09/04 15:47:37 packer-provisioner-shell plugin: [INFO] Setting cache directory: /Users/brijeshbolar/.cache/packer
2026/09/04 15:47:37 packer-provisioner-shell plugin: Plugin address: unix /var/folders/1n/j9vqp88s1zs1f19m46fjvtb00000gn/T/packer-plugin2518047292
2026/09/04 15:47:37 packer-provisioner-shell plugin: Waiting for connection...
2026/09/04 15:47:37 Received unix RPC address for /opt/homebrew/bin/packer: addr is /var/folders/1n/j9vqp88s1zs1f19m46fjvtb00000gn/T/packer-plugin2518047292
2026/09/04 15:47:37 packer-provisioner-shell plugin: Serving a plugin connection...
2026/09/04 15:47:37 packer-provisioner-shell plugin: [DEBUG] - common: sending ConfigSpec as protobuf
2026/09/04 15:47:37 [DEBUG] - common: receiving ConfigSpec as protobuf
2026/09/04 15:47:37 packer-provisioner-shell plugin: [DEBUG] - common: sending ConfigSpec as protobuf
2026/09/04 15:47:37 [DEBUG] - common: receiving ConfigSpec as protobuf
2026/09/04 15:47:37 [INFO] Starting external plugin /opt/homebrew/bin/packer execute --protobuf packer-post-processor-manifest
2026/09/04 15:47:37 Starting plugin: /opt/homebrew/bin/packer []string{"/opt/homebrew/bin/packer", "execute", "--protobuf", "packer-post-processor-manifest"}
2026/09/04 15:47:37 Waiting for RPC address for: /opt/homebrew/bin/packer
2026/09/04 15:47:37 packer-post-processor-manifest plugin: [INFO] Packer version: 1.16.0 [go1.26.3 darwin arm64]
2026/09/04 15:47:37 packer-post-processor-manifest plugin: [INFO] PACKER_CONFIG env var not set; checking the default config file path
2026/09/04 15:47:37 packer-post-processor-manifest plugin: [INFO] PACKER_CONFIG env var set; attempting to open config file: /Users/brijeshbolar/.packerconfig
2026/09/04 15:47:37 packer-post-processor-manifest plugin: [WARN] Config file doesn't exist: /Users/brijeshbolar/.packerconfig
2026/09/04 15:47:37 packer-post-processor-manifest plugin: [INFO] Setting cache directory: /Users/brijeshbolar/.cache/packer
2026/09/04 15:47:37 Received unix RPC address for /opt/homebrew/bin/packer: addr is /var/folders/1n/j9vqp88s1zs1f19m46fjvtb00000gn/T/packer-plugin1270992327
2026/09/04 15:47:37 packer-post-processor-manifest plugin: Plugin address: unix /var/folders/1n/j9vqp88s1zs1f19m46fjvtb00000gn/T/packer-plugin1270992327
2026/09/04 15:47:37 packer-post-processor-manifest plugin: Waiting for connection...
2026/09/04 15:47:37 packer-post-processor-manifest plugin: Serving a plugin connection...
2026/09/04 15:47:37 packer-post-processor-manifest plugin: [DEBUG] - common: sending ConfigSpec as protobuf
2026/09/04 15:47:37 [DEBUG] - common: receiving ConfigSpec as protobuf
2026/09/04 15:47:37 packer-post-processor-manifest plugin: [DEBUG] - common: sending ConfigSpec as protobuf
2026/09/04 15:47:37 [DEBUG] - common: receiving ConfigSpec as protobuf
2026/09/04 15:47:37 ui: [1;32mthree-tier-backend.amazon-ebs.backend: output will be in this color.[0m
2026/09/04 15:47:37 ui: 
2026/09/04 15:47:37 Build debug mode: false
2026/09/04 15:47:37 Force build: false
2026/09/04 15:47:37 On error: 
2026/09/04 15:47:37 Waiting on builds to complete...
2026/09/04 15:47:37 Starting build run: three-tier-backend.amazon-ebs.backend
2026/09/04 15:47:37 Running builder: amazon-ebs
2026/09/04 15:47:37 [INFO] (telemetry) Starting builder amazon-ebs.backend
2026/09/04 15:47:38 packer-plugin-amazon_v1.8.2_x5.0_darwin_arm64 plugin: 2026/09/04 15:47:38 Found region us-east-1
2026/09/04 15:47:38 packer-plugin-amazon_v1.8.2_x5.0_darwin_arm64 plugin: 2026/09/04 15:47:38 [INFO] AWS Auth provider used: "SharedConfigCredentials: /Users/brijeshbolar/.aws/credentials"
2026/09/04 15:47:39 ui: [1;32m==> three-tier-backend.amazon-ebs.backend: Prevalidating any provided VPC information[0m
2026/09/04 15:47:39 ui: [1;32m==> three-tier-backend.amazon-ebs.backend: Prevalidating AMI Name: three-tier-backend-20260904101737[0m
2026/09/04 15:47:39 packer-plugin-amazon_v1.8.2_x5.0_darwin_arm64 plugin: 2026/09/04 15:47:39 Using AMI Filters {
2026/09/04 15:47:39 packer-plugin-amazon_v1.8.2_x5.0_darwin_arm64 plugin:   "DryRun": null,
2026/09/04 15:47:39 packer-plugin-amazon_v1.8.2_x5.0_darwin_arm64 plugin:   "ExecutableUsers": null,
2026/09/04 15:47:39 packer-plugin-amazon_v1.8.2_x5.0_darwin_arm64 plugin:   "Filters": null,
2026/09/04 15:47:39 packer-plugin-amazon_v1.8.2_x5.0_darwin_arm64 plugin:   "ImageIds": [
2026/09/04 15:47:39 packer-plugin-amazon_v1.8.2_x5.0_darwin_arm64 plugin:     "ami-081b0a6eac00b4f53"
2026/09/04 15:47:39 packer-plugin-amazon_v1.8.2_x5.0_darwin_arm64 plugin:   ],
2026/09/04 15:47:39 packer-plugin-amazon_v1.8.2_x5.0_darwin_arm64 plugin:   "IncludeDeprecated": false,
2026/09/04 15:47:39 packer-plugin-amazon_v1.8.2_x5.0_darwin_arm64 plugin:   "IncludeDisabled": null,
2026/09/04 15:47:39 packer-plugin-amazon_v1.8.2_x5.0_darwin_arm64 plugin:   "MaxResults": null,
2026/09/04 15:47:39 packer-plugin-amazon_v1.8.2_x5.0_darwin_arm64 plugin:   "NextToken": null,
2026/09/04 15:47:39 packer-plugin-amazon_v1.8.2_x5.0_darwin_arm64 plugin:   "Owners": null
2026/09/04 15:47:39 packer-plugin-amazon_v1.8.2_x5.0_darwin_arm64 plugin: }
2026/09/04 15:47:39 ui: [1;32m==> three-tier-backend.amazon-ebs.backend: Found Image ID: ami-081b0a6eac00b4f53[0m
2026/09/04 15:47:39 packer-plugin-amazon_v1.8.2_x5.0_darwin_arm64 plugin: 2026/09/04 15:47:39 [INFO] Finding AZ and VpcId for the given subnet 'subnet-095851e2c3a92c08d'
2026/09/04 15:47:40 packer-plugin-amazon_v1.8.2_x5.0_darwin_arm64 plugin: 2026/09/04 15:47:40 [INFO] AvailabilityZone found: 'us-east-1a'
2026/09/04 15:47:40 ui: [1;32m==> three-tier-backend.amazon-ebs.backend: Creating temporary keypair: packer-20260904101737[0m
2026/09/04 15:47:40 packer-plugin-amazon_v1.8.2_x5.0_darwin_arm64 plugin: 2026/09/04 15:47:40 Using specified security groups: [sg-0b63dd783db2576d6]
2026/09/04 15:47:40 ui: [1;32m==> three-tier-backend.amazon-ebs.backend: Launching a source AWS instance...[0m
2026/09/04 15:47:40 ui: [1;32m==> three-tier-backend.amazon-ebs.backend: changing public IP address config to true for instance on subnet "subnet-095851e2c3a92c08d"[0m
2026/09/04 15:47:42 ui: [1;32m==> three-tier-backend.amazon-ebs.backend: Instance ID: i-0e0cc070a8bb8239a[0m
2026/09/04 15:47:42 ui: [1;32m==> three-tier-backend.amazon-ebs.backend: Waiting for instance (i-0e0cc070a8bb8239a) to become ready...[0m
2026/09/04 15:47:58 packer-plugin-amazon_v1.8.2_x5.0_darwin_arm64 plugin: 2026/09/04 15:47:58 [INFO] Not using winrm communicator, skipping get password...
2026/09/04 15:47:58 ui: [1;32m==> three-tier-backend.amazon-ebs.backend: Using SSH communicator to connect: 32.196.114.33[0m
2026/09/04 15:47:58 packer-plugin-amazon_v1.8.2_x5.0_darwin_arm64 plugin: 2026/09/04 15:47:58 [INFO] Waiting for SSH, up to timeout: 10m0s
2026/09/04 15:47:58 ui: [1;32m==> three-tier-backend.amazon-ebs.backend: Waiting for SSH to become available...[0m
2026/09/04 15:47:58 packer-plugin-amazon_v1.8.2_x5.0_darwin_arm64 plugin: 2026/09/04 15:47:58 Using host value: 32.196.114.33
2026/09/04 15:47:58 packer-plugin-amazon_v1.8.2_x5.0_darwin_arm64 plugin: 2026/09/04 15:47:58 [INFO] Attempting SSH connection to 32.196.114.33:22...
2026/09/04 15:47:58 packer-plugin-amazon_v1.8.2_x5.0_darwin_arm64 plugin: 2026/09/04 15:47:58 [DEBUG] reconnecting to TCP connection for SSH
2026/09/04 15:47:58 packer-plugin-amazon_v1.8.2_x5.0_darwin_arm64 plugin: 2026/09/04 15:47:58 [DEBUG] handshaking with SSH
2026/09/04 15:48:00 packer-plugin-amazon_v1.8.2_x5.0_darwin_arm64 plugin: 2026/09/04 15:48:00 [DEBUG] handshake complete!
2026/09/04 15:48:00 packer-plugin-amazon_v1.8.2_x5.0_darwin_arm64 plugin: 2026/09/04 15:48:00 [DEBUG] Opening new ssh session
2026/09/04 15:48:01 packer-plugin-amazon_v1.8.2_x5.0_darwin_arm64 plugin: 2026/09/04 15:48:01 [INFO] agent forwarding enabled
2026/09/04 15:48:01 ui: [1;32m==> three-tier-backend.amazon-ebs.backend: Connected to SSH![0m
2026/09/04 15:48:01 packer-plugin-amazon_v1.8.2_x5.0_darwin_arm64 plugin: 2026/09/04 15:48:01 Running the provision hook
2026/09/04 15:48:01 [INFO] (telemetry) Starting provisioner shell
2026/09/04 15:48:01 packer-provisioner-shell plugin: [DEBUG] - common: sending ConfigSpec as protobuf
2026/09/04 15:48:01 [DEBUG] - common: receiving ConfigSpec as protobuf
2026/09/04 15:48:01 ui: [1;32m==> three-tier-backend.amazon-ebs.backend: Provisioning with shell script: /var/folders/1n/j9vqp88s1zs1f19m46fjvtb00000gn/T/packer-shell1770214352[0m
2026/09/04 15:48:01 packer-provisioner-shell plugin: Opening /var/folders/1n/j9vqp88s1zs1f19m46fjvtb00000gn/T/packer-shell1770214352 for reading
2026/09/04 15:48:01 packer-provisioner-shell plugin: [INFO] 201 bytes written for 'uploadData'
2026/09/04 15:48:01 packer-plugin-amazon_v1.8.2_x5.0_darwin_arm64 plugin: 2026/09/04 15:48:01 [DEBUG] Opening new ssh session
2026/09/04 15:48:01 [INFO] 201 bytes written for 'uploadData'
2026/09/04 15:48:01 packer-plugin-amazon_v1.8.2_x5.0_darwin_arm64 plugin: 2026/09/04 15:48:01 [DEBUG] Starting remote scp process:  scp -vt /tmp
2026/09/04 15:48:02 packer-plugin-amazon_v1.8.2_x5.0_darwin_arm64 plugin: 2026/09/04 15:48:02 [DEBUG] Started SCP session, beginning transfers...
2026/09/04 15:48:02 packer-plugin-amazon_v1.8.2_x5.0_darwin_arm64 plugin: 2026/09/04 15:48:02 [DEBUG] Copying input data into temporary file so we can read the length
2026/09/04 15:48:02 packer-plugin-amazon_v1.8.2_x5.0_darwin_arm64 plugin: 2026/09/04 15:48:02 [DEBUG] scp: Uploading script_8911.sh: perms=C0644 size=201
2026/09/04 15:48:02 packer-plugin-amazon_v1.8.2_x5.0_darwin_arm64 plugin: 2026/09/04 15:48:02 [DEBUG] SCP session complete, closing stdin pipe.
2026/09/04 15:48:02 packer-plugin-amazon_v1.8.2_x5.0_darwin_arm64 plugin: 2026/09/04 15:48:02 [DEBUG] Waiting for SSH session to complete.
2026/09/04 15:48:02 packer-plugin-amazon_v1.8.2_x5.0_darwin_arm64 plugin: 2026/09/04 15:48:02 [DEBUG] scp stderr (length 70): Sink: C0644 201 script_8911.sh
2026/09/04 15:48:02 packer-plugin-amazon_v1.8.2_x5.0_darwin_arm64 plugin: scp: debug1: fd 0 clearing O_NONBLOCK
2026/09/04 15:48:02 packer-plugin-amazon_v1.8.2_x5.0_darwin_arm64 plugin: 2026/09/04 15:48:02 [DEBUG] Opening new ssh session
2026/09/04 15:48:03 packer-plugin-amazon_v1.8.2_x5.0_darwin_arm64 plugin: 2026/09/04 15:48:03 [DEBUG] starting remote command: chmod 0755 /tmp/script_8911.sh
2026/09/04 15:48:03 packer-plugin-amazon_v1.8.2_x5.0_darwin_arm64 plugin: 2026/09/04 15:48:03 [INFO] RPC endpoint: Communicator ended with: 0
2026/09/04 15:48:03 [INFO] RPC client: Communicator ended with: 0
2026/09/04 15:48:03 [INFO] RPC endpoint: Communicator ended with: 0
2026/09/04 15:48:03 packer-provisioner-shell plugin: [INFO] RPC client: Communicator ended with: 0
2026/09/04 15:48:03 packer-plugin-amazon_v1.8.2_x5.0_darwin_arm64 plugin: 2026/09/04 15:48:03 [DEBUG] Opening new ssh session
2026/09/04 15:48:04 packer-plugin-amazon_v1.8.2_x5.0_darwin_arm64 plugin: 2026/09/04 15:48:04 [DEBUG] starting remote command: chmod +x /tmp/script_8911.sh; PACKER_BUILDER_TYPE='amazon-ebs' PACKER_BUILD_NAME='backend'  /tmp/script_8911.sh
2026/09/04 15:48:04 ui: [1;32m==> three-tier-backend.amazon-ebs.backend: Waiting for process with pid 1954 to finish.[0m
2026/09/04 15:49:47 ui: [1;32m==> three-tier-backend.amazon-ebs.backend: Amazon Linux 2023 Kernel Livepatch repository   255 kB/s |  69 kB     00:00[0m
2026/09/04 15:49:48 ui: [1;32m==> three-tier-backend.amazon-ebs.backend: Last metadata expiration check: 0:00:01 ago on Fri Sep  4 10:19:47 2026.[0m
2026/09/04 15:49:58 ui: [1;32m==> three-tier-backend.amazon-ebs.backend: Dependencies resolved.[0m
2026/09/04 15:49:59 ui: [1;32m==> three-tier-backend.amazon-ebs.backend: Nothing to do.[0m
2026/09/04 15:49:59 ui: [1;32m==> three-tier-backend.amazon-ebs.backend: Complete![0m
2026/09/04 15:50:04 ui: [1;32m==> three-tier-backend.amazon-ebs.backend: Last metadata expiration check: 0:00:17 ago on Fri Sep  4 10:19:47 2026.[0m
2026/09/04 15:50:04 ui: [1;32m==> three-tier-backend.amazon-ebs.backend: Package unzip-6.0-68.amzn2023.0.2.x86_64 is already installed.[0m
2026/09/04 15:50:05 ui: [1;32m==> three-tier-backend.amazon-ebs.backend: Dependencies resolved.[0m
2026/09/04 15:50:06 ui: [1;32m==> three-tier-backend.amazon-ebs.backend: ================================================================================[0m
2026/09/04 15:50:06 ui: [1;32m==> three-tier-backend.amazon-ebs.backend:  Package               Arch     Version                     Repository     Size[0m
2026/09/04 15:50:06 ui: [1;32m==> three-tier-backend.amazon-ebs.backend: ================================================================================[0m
2026/09/04 15:50:06 ui: [1;32m==> three-tier-backend.amazon-ebs.backend: Installing:[0m
2026/09/04 15:50:06 ui: [1;32m==> three-tier-backend.amazon-ebs.backend:  [1m[32mgit                  (B[m x86_64   2.50.1-1.amzn2023.0.1       amazonlinux    53 k[0m
2026/09/04 15:50:06 ui: [1;32m==> three-tier-backend.amazon-ebs.backend:  [1m[32mhttpd                (B[m x86_64   2.4.68-1.amzn2023.0.1       amazonlinux    46 k[0m
2026/09/04 15:50:06 ui: [1;32m==> three-tier-backend.amazon-ebs.backend:  [1m[32mphp8.5               (B[m x86_64   8.5.9-1.amzn2023.0.1        amazonlinux    14 k[0m
2026/09/04 15:50:06 ui: [1;32m==> three-tier-backend.amazon-ebs.backend:  [1m[32mphp8.5-fpm           (B[m x86_64   8.5.9-1.amzn2023.0.1        amazonlinux   3.1 M[0m
2026/09/04 15:50:06 ui: [1;32m==> three-tier-backend.amazon-ebs.backend:  [1m[32mphp8.5-mbstring      (B[m x86_64   8.5.9-1.amzn2023.0.1        amazonlinux   539 k[0m
2026/09/04 15:50:06 ui: [1;32m==> three-tier-backend.amazon-ebs.backend:  [1m[32mphp8.5-mysqlnd       (B[m x86_64   8.5.9-1.amzn2023.0.1        amazonlinux   154 k[0m
2026/09/04 15:50:06 ui: [1;32m==> three-tier-backend.amazon-ebs.backend: Installing dependencies:[0m
2026/09/04 15:50:06 ui: [1;32m==> three-tier-backend.amazon-ebs.backend:  [1m[32mapr                  (B[m x86_64   1.7.5-1.amzn2023.0.4        amazonlinux   129 k[0m
2026/09/04 15:50:06 ui: [1;32m==> three-tier-backend.amazon-ebs.backend:  [1m[32mapr-util             (B[m x86_64   1.6.5-1.amzn2023.0.1        amazonlinux   100 k[0m
2026/09/04 15:50:06 ui: [1;32m==> three-tier-backend.amazon-ebs.backend:  [1m[32mapr-util-lmdb        (B[m x86_64   1.6.5-1.amzn2023.0.1        amazonlinux    15 k[0m
2026/09/04 15:50:06 ui: [1;32m==> three-tier-backend.amazon-ebs.backend:  [1m[32mgeneric-logos-httpd  (B[m noarch   18.0.0-12.amzn2023.0.3      amazonlinux    19 k[0m
2026/09/04 15:50:06 ui: [1;32m==> three-tier-backend.amazon-ebs.backend:  [1m[32mgit-core             (B[m x86_64   2.50.1-1.amzn2023.0.1       amazonlinux   4.9 M[0m
2026/09/04 15:50:06 ui: [1;32m==> three-tier-backend.amazon-ebs.backend:  [1m[32mgit-core-doc         (B[m noarch   2.50.1-1.amzn2023.0.1       amazonlinux   2.8 M[0m
2026/09/04 15:50:06 ui: [1;32m==> three-tier-backend.amazon-ebs.backend:  [1m[32mhttpd-core           (B[m x86_64   2.4.68-1.amzn2023.0.1       amazonlinux   1.4 M[0m
2026/09/04 15:50:06 ui: [1;32m==> three-tier-backend.amazon-ebs.backend:  [1m[32mhttpd-filesystem     (B[m noarch   2.4.68-1.amzn2023.0.1       amazonlinux    12 k[0m
2026/09/04 15:50:06 ui: [1;32m==> three-tier-backend.amazon-ebs.backend:  [1m[32mhttpd-tools          (B[m x86_64   2.4.68-1.amzn2023.0.1       amazonlinux    80 k[0m
2026/09/04 15:50:06 ui: [1;32m==> three-tier-backend.amazon-ebs.backend:  [1m[32mlibbrotli            (B[m x86_64   1.0.9-4.amzn2023.0.2        amazonlinux   315 k[0m
2026/09/04 15:50:06 ui: [1;32m==> three-tier-backend.amazon-ebs.backend:  [1m[32mlibsodium            (B[m x86_64   1.0.19-5.amzn2023           amazonlinux   174 k[0m
2026/09/04 15:50:06 ui: [1;32m==> three-tier-backend.amazon-ebs.backend:  [1m[32mmailcap              (B[m noarch   2.1.49-3.amzn2023.0.3       amazonlinux    33 k[0m
2026/09/04 15:50:06 ui: [1;32m==> three-tier-backend.amazon-ebs.backend:  [1m[32mnginx-filesystem     (B[m noarch   1:1.30.4-1.amzn2023.0.1     amazonlinux    10 k[0m
2026/09/04 15:50:06 ui: [1;32m==> three-tier-backend.amazon-ebs.backend:  [1m[32mperl-Error           (B[m noarch   1:0.17030-2.amzn2023.0.1    amazonlinux    42 k[0m
2026/09/04 15:50:06 ui: [1;32m==> three-tier-backend.amazon-ebs.backend:  [1m[32mperl-File-Find       (B[m noarch   1.37-477.amzn2023.0.9       amazonlinux    26 k[0m
2026/09/04 15:50:06 ui: [1;32m==> three-tier-backend.amazon-ebs.backend:  [1m[32mperl-Git             (B[m noarch   2.50.1-1.amzn2023.0.1       amazonlinux    41 k[0m
2026/09/04 15:50:06 ui: [1;32m==> three-tier-backend.amazon-ebs.backend:  [1m[32mperl-TermReadKey     (B[m x86_64   2.38-9.amzn2023.0.3         amazonlinux    36 k[0m
2026/09/04 15:50:06 ui: [1;32m==> three-tier-backend.amazon-ebs.backend:  [1m[32mperl-lib             (B[m x86_64   0.65-477.amzn2023.0.9       amazonlinux    15 k[0m
2026/09/04 15:50:06 ui: [1;32m==> three-tier-backend.amazon-ebs.backend:  [1m[32mphp8.5-cli           (B[m x86_64   8.5.9-1.amzn2023.0.1        amazonlinux   6.1 M[0m
2026/09/04 15:50:06 ui: [1;32m==> three-tier-backend.amazon-ebs.backend:  [1m[32mphp8.5-common        (B[m x86_64   8.5.9-1.amzn2023.0.1        amazonlinux   863 k[0m
2026/09/04 15:50:06 ui: [1;32m==> three-tier-backend.amazon-ebs.backend:  [1m[32mphp8.5-pdo           (B[m x86_64   8.5.9-1.amzn2023.0.1        amazonlinux    99 k[0m
2026/09/04 15:50:06 ui: [1;32m==> three-tier-backend.amazon-ebs.backend:  [1m[32mphp8.5-process       (B[m x86_64   8.5.9-1.amzn2023.0.1        amazonlinux    49 k[0m
2026/09/04 15:50:06 ui: [1;32m==> three-tier-backend.amazon-ebs.backend:  [1m[32mphp8.5-xml           (B[m x86_64   8.5.9-1.amzn2023.0.1        amazonlinux   248 k[0m
2026/09/04 15:50:06 ui: [1;32m==> three-tier-backend.amazon-ebs.backend: Installing weak dependencies:[0m
2026/09/04 15:50:06 ui: [1;32m==> three-tier-backend.amazon-ebs.backend:  [1m[32mapr-util-openssl     (B[m x86_64   1.6.5-1.amzn2023.0.1        amazonlinux    17 k[0m
2026/09/04 15:50:06 ui: [1;32m==> three-tier-backend.amazon-ebs.backend:  [1m[32mmod_http2            (B[m x86_64   2.0.42-1.amzn2023.0.1       amazonlinux   167 k[0m
2026/09/04 15:50:06 ui: [1;32m==> three-tier-backend.amazon-ebs.backend:  [1m[32mmod_lua              (B[m x86_64   2.4.68-1.amzn2023.0.1       amazonlinux    59 k[0m
2026/09/04 15:50:06 ui: [1;32m==> three-tier-backend.amazon-ebs.backend:  [1m[32mphp8.5-sodium        (B[m x86_64   8.5.9-1.amzn2023.0.1        amazonlinux    45 k[0m
2026/09/04 15:50:06 ui: [1;32m==> three-tier-backend.amazon-ebs.backend:[0m
2026/09/04 15:50:06 ui: [1;32m==> three-tier-backend.amazon-ebs.backend: Transaction Summary[0m
2026/09/04 15:50:06 ui: [1;32m==> three-tier-backend.amazon-ebs.backend: ================================================================================[0m
2026/09/04 15:50:06 ui: [1;32m==> three-tier-backend.amazon-ebs.backend: Install  33 Packages[0m
2026/09/04 15:50:06 ui: [1;32m==> three-tier-backend.amazon-ebs.backend:[0m
2026/09/04 15:50:06 ui: [1;32m==> three-tier-backend.amazon-ebs.backend: Total download size: 22 M[0m
2026/09/04 15:50:06 ui: [1;32m==> three-tier-backend.amazon-ebs.backend: Installed size: 108 M[0m
2026/09/04 15:50:06 ui: [1;32m==> three-tier-backend.amazon-ebs.backend: Downloading Packages:[0m
2026/09/04 15:50:06 ui: [1;32m==> three-tier-backend.amazon-ebs.backend: (1/33): apr-util-1.6.5-1.amzn2023.0.1.x86_64.rp 1.2 MB/s | 100 kB     00:00[0m
2026/09/04 15:50:06 ui: [1;32m==> three-tier-backend.amazon-ebs.backend: (2/33): apr-util-lmdb-1.6.5-1.amzn2023.0.1.x86_ 178 kB/s |  15 kB     00:00[0m
2026/09/04 15:50:06 ui: [1;32m==> three-tier-backend.amazon-ebs.backend: (3/33): apr-util-openssl-1.6.5-1.amzn2023.0.1.x 690 kB/s |  17 kB     00:00[0m
2026/09/04 15:50:06 ui: [1;32m==> three-tier-backend.amazon-ebs.backend: (4/33): generic-logos-httpd-18.0.0-12.amzn2023. 411 kB/s |  19 kB     00:00[0m
2026/09/04 15:50:06 ui: [1;32m==> three-tier-backend.amazon-ebs.backend: (5/33): apr-1.7.5-1.amzn2023.0.4.x86_64.rpm     952 kB/s | 129 kB     00:00[0m
2026/09/04 15:50:06 ui: [1;32m==> three-tier-backend.amazon-ebs.backend: (6/33): git-2.50.1-1.amzn2023.0.1.x86_64.rpm    1.6 MB/s |  53 kB     00:00[0m
2026/09/04 15:50:06 ui: [1;32m==> three-tier-backend.amazon-ebs.backend: (7/33): httpd-2.4.68-1.amzn2023.0.1.x86_64.rpm  1.4 MB/s |  46 kB     00:00[0m
2026/09/04 15:50:06 ui: [1;32m==> three-tier-backend.amazon-ebs.backend: (8/33): git-core-doc-2.50.1-1.amzn2023.0.1.noar  18 MB/s | 2.8 MB     00:00[0m
2026/09/04 15:50:06 ui: [1;32m==> three-tier-backend.amazon-ebs.backend: (9/33): git-core-2.50.1-1.amzn2023.0.1.x86_64.r  20 MB/s | 4.9 MB     00:00[0m
2026/09/04 15:50:06 ui: [1;32m==> three-tier-backend.amazon-ebs.backend: (10/33): httpd-filesystem-2.4.68-1.amzn2023.0.1 146 kB/s |  12 kB     00:00[0m
2026/09/04 15:50:06 ui: [1;32m==> three-tier-backend.amazon-ebs.backend: (11/33): httpd-core-2.4.68-1.amzn2023.0.1.x86_6 5.7 MB/s | 1.4 MB     00:00[0m
2026/09/04 15:50:06 ui: [1;32m==> three-tier-backend.amazon-ebs.backend: (12/33): httpd-tools-2.4.68-1.amzn2023.0.1.x86_ 1.0 MB/s |  80 kB     00:00[0m
2026/09/04 15:50:06 ui: [1;32m==> three-tier-backend.amazon-ebs.backend: (13/33): libbrotli-1.0.9-4.amzn2023.0.2.x86_64. 3.8 MB/s | 315 kB     00:00[0m
2026/09/04 15:50:06 ui: [1;32m==> three-tier-backend.amazon-ebs.backend: (14/33): libsodium-1.0.19-5.amzn2023.x86_64.rpm 7.4 MB/s | 174 kB     00:00[0m
2026/09/04 15:50:06 ui: [1;32m==> three-tier-backend.amazon-ebs.backend: (15/33): mailcap-2.1.49-3.amzn2023.0.3.noarch.r 1.3 MB/s |  33 kB     00:00[0m
2026/09/04 15:50:06 ui: [1;32m==> three-tier-backend.amazon-ebs.backend: (16/33): mod_http2-2.0.42-1.amzn2023.0.1.x86_64 6.1 MB/s | 167 kB     00:00[0m
2026/09/04 15:50:06 ui: [1;32m==> three-tier-backend.amazon-ebs.backend: (17/33): mod_lua-2.4.68-1.amzn2023.0.1.x86_64.r 1.1 MB/s |  59 kB     00:00[0m
2026/09/04 15:50:06 ui: [1;32m==> three-tier-backend.amazon-ebs.backend: (18/33): nginx-filesystem-1.30.4-1.amzn2023.0.1 204 kB/s |  10 kB     00:00[0m
2026/09/04 15:50:06 ui: [1;32m==> three-tier-backend.amazon-ebs.backend: (19/33): perl-Error-0.17030-2.amzn2023.0.1.noar 917 kB/s |  42 kB     00:00[0m
2026/09/04 15:50:06 ui: [1;32m==> three-tier-backend.amazon-ebs.backend: (20/33): perl-Git-2.50.1-1.amzn2023.0.1.noarch. 1.6 MB/s |  41 kB     00:00[0m
2026/09/04 15:50:06 ui: [1;32m==> three-tier-backend.amazon-ebs.backend: (21/33): perl-File-Find-1.37-477.amzn2023.0.9.n 933 kB/s |  26 kB     00:00[0m
2026/09/04 15:50:06 ui: [1;32m==> three-tier-backend.amazon-ebs.backend: (22/33): perl-TermReadKey-2.38-9.amzn2023.0.3.x 1.2 MB/s |  36 kB     00:00[0m
2026/09/04 15:50:06 ui: [1;32m==> three-tier-backend.amazon-ebs.backend: (23/33): perl-lib-0.65-477.amzn2023.0.9.x86_64. 665 kB/s |  15 kB     00:00[0m
2026/09/04 15:50:06 ui: [1;32m==> three-tier-backend.amazon-ebs.backend: (24/33): php8.5-8.5.9-1.amzn2023.0.1.x86_64.rpm 494 kB/s |  14 kB     00:00[0m
2026/09/04 15:50:06 ui: [1;32m==> three-tier-backend.amazon-ebs.backend: (25/33): php8.5-common-8.5.9-1.amzn2023.0.1.x86  24 MB/s | 863 kB     00:00[0m
2026/09/04 15:50:06 ui: [1;32m==> three-tier-backend.amazon-ebs.backend: (26/33): php8.5-mbstring-8.5.9-1.amzn2023.0.1.x 6.9 MB/s | 539 kB     00:00[0m
2026/09/04 15:50:06 ui: [1;32m==> three-tier-backend.amazon-ebs.backend: (27/33): php8.5-cli-8.5.9-1.amzn2023.0.1.x86_64  21 MB/s | 6.1 MB     00:00[0m
2026/09/04 15:50:06 ui: [1;32m==> three-tier-backend.amazon-ebs.backend: (28/33): php8.5-mysqlnd-8.5.9-1.amzn2023.0.1.x8 950 kB/s | 154 kB     00:00[0m
2026/09/04 15:50:07 ui: [1;32m==> three-tier-backend.amazon-ebs.backend: (29/33): php8.5-fpm-8.5.9-1.amzn2023.0.1.x86_64 9.1 MB/s | 3.1 MB     00:00[0m
2026/09/04 15:50:07 ui: [1;32m==> three-tier-backend.amazon-ebs.backend: (30/33): php8.5-process-8.5.9-1.amzn2023.0.1.x8 642 kB/s |  49 kB     00:00[0m
2026/09/04 15:50:07 ui: [1;32m==> three-tier-backend.amazon-ebs.backend: (31/33): php8.5-pdo-8.5.9-1.amzn2023.0.1.x86_64 1.2 MB/s |  99 kB     00:00[0m
2026/09/04 15:50:07 ui: [1;32m==> three-tier-backend.amazon-ebs.backend: (32/33): php8.5-sodium-8.5.9-1.amzn2023.0.1.x86 2.0 MB/s |  45 kB     00:00[0m
2026/09/04 15:50:07 ui: [1;32m==> three-tier-backend.amazon-ebs.backend: (33/33): php8.5-xml-8.5.9-1.amzn2023.0.1.x86_64 6.2 MB/s | 248 kB     00:00[0m
2026/09/04 15:50:07 ui: [1;32m==> three-tier-backend.amazon-ebs.backend: --------------------------------------------------------------------------------[0m
2026/09/04 15:50:07 ui: [1;32m==> three-tier-backend.amazon-ebs.backend: Total                                            19 MB/s |  22 MB     00:01[0m
2026/09/04 15:50:10 ui: [1;32m==> three-tier-backend.amazon-ebs.backend: Running transaction check[0m
2026/09/04 15:50:11 ui: [1;32m==> three-tier-backend.amazon-ebs.backend: Transaction check succeeded.[0m
2026/09/04 15:50:11 ui: [1;32m==> three-tier-backend.amazon-ebs.backend: Running transaction test[0m
2026/09/04 15:50:12 ui: [1;32m==> three-tier-backend.amazon-ebs.backend: Transaction test succeeded.[0m
2026/09/04 15:50:12 ui: [1;32m==> three-tier-backend.amazon-ebs.backend: Running transaction[0m
2026/09/04 15:50:14 ui: [1;32m==> three-tier-backend.amazon-ebs.backend:   Preparing        :                                                        1/1[0m
2026/09/04 15:50:14 ui: [1;32m==> three-tier-backend.amazon-ebs.backend:   Installing       : php8.5-common-8.5.9-1.amzn2023.0.1.x86_64             1/33[0m
2026/09/04 15:50:15 ui: [1;32m==> three-tier-backend.amazon-ebs.backend:   Installing       : apr-1.7.5-1.amzn2023.0.4.x86_64                       2/33[0m
2026/09/04 15:50:15 ui: [1;32m==> three-tier-backend.amazon-ebs.backend:   Installing       : apr-util-lmdb-1.6.5-1.amzn2023.0.1.x86_64             3/33[0m
2026/09/04 15:50:15 ui: [1;32m==> three-tier-backend.amazon-ebs.backend:   Installing       : apr-util-openssl-1.6.5-1.amzn2023.0.1.x86_64          4/33[0m
2026/09/04 15:50:15 ui: [1;32m==> three-tier-backend.amazon-ebs.backend:   Installing       : apr-util-1.6.5-1.amzn2023.0.1.x86_64                  5/33[0m
2026/09/04 15:50:15 ui: [1;32m==> three-tier-backend.amazon-ebs.backend:   Installing       : php8.5-pdo-8.5.9-1.amzn2023.0.1.x86_64                6/33[0m
2026/09/04 15:50:15 ui: [1;32m==> three-tier-backend.amazon-ebs.backend:   Installing       : mailcap-2.1.49-3.amzn2023.0.3.noarch                  7/33[0m
2026/09/04 15:50:15 ui: [1;32m==> three-tier-backend.amazon-ebs.backend:   Running scriptlet: httpd-filesystem-2.4.68-1.amzn2023.0.1.noarch         8/33[0m
2026/09/04 15:50:15 ui: [1;32m==> three-tier-backend.amazon-ebs.backend:   Installing       : httpd-filesystem-2.4.68-1.amzn2023.0.1.noarch         8/33[0m
2026/09/04 15:50:17 ui: [1;32m==> three-tier-backend.amazon-ebs.backend:   Installing       : git-core-2.50.1-1.amzn2023.0.1.x86_64                 9/33[0m
2026/09/04 15:50:22 ui: [1;32m==> three-tier-backend.amazon-ebs.backend:   Installing       : git-core-doc-2.50.1-1.amzn2023.0.1.noarch            10/33[0m
2026/09/04 15:50:22 ui: [1;32m==> three-tier-backend.amazon-ebs.backend:   Installing       : httpd-tools-2.4.68-1.amzn2023.0.1.x86_64             11/33[0m
2026/09/04 15:50:23 ui: [1;32m==> three-tier-backend.amazon-ebs.backend:   Installing       : httpd-core-2.4.68-1.amzn2023.0.1.x86_64              12/33[0m
2026/09/04 15:50:24 ui: [1;32m==> three-tier-backend.amazon-ebs.backend:   Installing       : mod_http2-2.0.42-1.amzn2023.0.1.x86_64               13/33[0m
2026/09/04 15:50:24 ui: [1;32m==> three-tier-backend.amazon-ebs.backend:   Installing       : mod_lua-2.4.68-1.amzn2023.0.1.x86_64                 14/33[0m
2026/09/04 15:50:25 ui: [1;32m==> three-tier-backend.amazon-ebs.backend:   Installing       : php8.5-cli-8.5.9-1.amzn2023.0.1.x86_64               15/33[0m
2026/09/04 15:50:25 ui: [1;32m==> three-tier-backend.amazon-ebs.backend:   Installing       : php8.5-mbstring-8.5.9-1.amzn2023.0.1.x86_64          16/33[0m
2026/09/04 15:50:25 ui: [1;32m==> three-tier-backend.amazon-ebs.backend:   Installing       : php8.5-process-8.5.9-1.amzn2023.0.1.x86_64           17/33[0m
2026/09/04 15:50:25 ui: [1;32m==> three-tier-backend.amazon-ebs.backend:   Installing       : php8.5-xml-8.5.9-1.amzn2023.0.1.x86_64               18/33[0m
2026/09/04 15:50:25 ui: [1;32m==> three-tier-backend.amazon-ebs.backend:   Installing       : perl-lib-0.65-477.amzn2023.0.9.x86_64                19/33[0m
2026/09/04 15:50:25 ui: [1;32m==> three-tier-backend.amazon-ebs.backend:   Installing       : perl-TermReadKey-2.38-9.amzn2023.0.3.x86_64          20/33[0m
2026/09/04 15:50:25 ui: [1;32m==> three-tier-backend.amazon-ebs.backend:   Installing       : perl-File-Find-1.37-477.amzn2023.0.9.noarch          21/33[0m
2026/09/04 15:50:25 ui: [1;32m==> three-tier-backend.amazon-ebs.backend:   Installing       : perl-Error-1:0.17030-2.amzn2023.0.1.noarch           22/33[0m
2026/09/04 15:50:25 ui: [1;32m==> three-tier-backend.amazon-ebs.backend:   Installing       : perl-Git-2.50.1-1.amzn2023.0.1.noarch                23/33[0m
2026/09/04 15:50:25 ui: [1;32m==> three-tier-backend.amazon-ebs.backend:   Installing       : git-2.50.1-1.amzn2023.0.1.x86_64                     24/33[0m
2026/09/04 15:50:25 ui: [1;32m==> three-tier-backend.amazon-ebs.backend:   Running scriptlet: nginx-filesystem-1:1.30.4-1.amzn2023.0.1.noarch      25/33[0m
2026/09/04 15:50:26 ui: [1;32m==> three-tier-backend.amazon-ebs.backend:   Installing       : nginx-filesystem-1:1.30.4-1.amzn2023.0.1.noarch      25/33[0m
2026/09/04 15:50:27 ui: [1;32m==> three-tier-backend.amazon-ebs.backend:   Installing       : php8.5-fpm-8.5.9-1.amzn2023.0.1.x86_64               26/33[0m
2026/09/04 15:50:27 ui: [1;32m==> three-tier-backend.amazon-ebs.backend:   Running scriptlet: php8.5-fpm-8.5.9-1.amzn2023.0.1.x86_64               26/33[0m
2026/09/04 15:50:27 ui: [1;32m==> three-tier-backend.amazon-ebs.backend:   Installing       : libsodium-1.0.19-5.amzn2023.x86_64                   27/33[0m
2026/09/04 15:50:27 ui: [1;32m==> three-tier-backend.amazon-ebs.backend:   Installing       : php8.5-sodium-8.5.9-1.amzn2023.0.1.x86_64            28/33[0m
2026/09/04 15:50:27 ui: [1;32m==> three-tier-backend.amazon-ebs.backend:   Installing       : libbrotli-1.0.9-4.amzn2023.0.2.x86_64                29/33[0m
2026/09/04 15:50:27 ui: [1;32m==> three-tier-backend.amazon-ebs.backend:   Installing       : generic-logos-httpd-18.0.0-12.amzn2023.0.3.noarch    30/33[0m
2026/09/04 15:50:27 ui: [1;32m==> three-tier-backend.amazon-ebs.backend:   Installing       : httpd-2.4.68-1.amzn2023.0.1.x86_64                   31/33[0m
2026/09/04 15:50:27 ui: [1;32m==> three-tier-backend.amazon-ebs.backend:   Running scriptlet: httpd-2.4.68-1.amzn2023.0.1.x86_64                   31/33[0m
2026/09/04 15:50:27 ui: [1;32m==> three-tier-backend.amazon-ebs.backend:   Installing       : php8.5-8.5.9-1.amzn2023.0.1.x86_64                   32/33[0m
2026/09/04 15:50:27 ui: [1;32m==> three-tier-backend.amazon-ebs.backend:   Installing       : php8.5-mysqlnd-8.5.9-1.amzn2023.0.1.x86_64           33/33[0m
2026/09/04 15:50:27 ui: [1;32m==> three-tier-backend.amazon-ebs.backend:   Running scriptlet: httpd-2.4.68-1.amzn2023.0.1.x86_64                   33/33[0m
2026/09/04 15:50:28 ui: [1;32m==> three-tier-backend.amazon-ebs.backend:   Running scriptlet: php8.5-mysqlnd-8.5.9-1.amzn2023.0.1.x86_64           33/33[0m
2026/09/04 15:50:33 ui: [1;32m==> three-tier-backend.amazon-ebs.backend:   Verifying        : apr-1.7.5-1.amzn2023.0.4.x86_64                       1/33[0m
2026/09/04 15:50:33 ui: [1;32m==> three-tier-backend.amazon-ebs.backend:   Verifying        : apr-util-1.6.5-1.amzn2023.0.1.x86_64                  2/33[0m
2026/09/04 15:50:33 ui: [1;32m==> three-tier-backend.amazon-ebs.backend:   Verifying        : apr-util-lmdb-1.6.5-1.amzn2023.0.1.x86_64             3/33[0m
2026/09/04 15:50:33 ui: [1;32m==> three-tier-backend.amazon-ebs.backend:   Verifying        : apr-util-openssl-1.6.5-1.amzn2023.0.1.x86_64          4/33[0m
2026/09/04 15:50:33 ui: [1;32m==> three-tier-backend.amazon-ebs.backend:   Verifying        : generic-logos-httpd-18.0.0-12.amzn2023.0.3.noarch     5/33[0m
2026/09/04 15:50:33 ui: [1;32m==> three-tier-backend.amazon-ebs.backend:   Verifying        : git-2.50.1-1.amzn2023.0.1.x86_64                      6/33[0m
2026/09/04 15:50:33 ui: [1;32m==> three-tier-backend.amazon-ebs.backend:   Verifying        : git-core-2.50.1-1.amzn2023.0.1.x86_64                 7/33[0m
2026/09/04 15:50:33 ui: [1;32m==> three-tier-backend.amazon-ebs.backend:   Verifying        : git-core-doc-2.50.1-1.amzn2023.0.1.noarch             8/33[0m
2026/09/04 15:50:33 ui: [1;32m==> three-tier-backend.amazon-ebs.backend:   Verifying        : httpd-2.4.68-1.amzn2023.0.1.x86_64                    9/33[0m
2026/09/04 15:50:33 ui: [1;32m==> three-tier-backend.amazon-ebs.backend:   Verifying        : httpd-core-2.4.68-1.amzn2023.0.1.x86_64              10/33[0m
2026/09/04 15:50:33 ui: [1;32m==> three-tier-backend.amazon-ebs.backend:   Verifying        : httpd-filesystem-2.4.68-1.amzn2023.0.1.noarch        11/33[0m
2026/09/04 15:50:33 ui: [1;32m==> three-tier-backend.amazon-ebs.backend:   Verifying        : httpd-tools-2.4.68-1.amzn2023.0.1.x86_64             12/33[0m
2026/09/04 15:50:33 ui: [1;32m==> three-tier-backend.amazon-ebs.backend:   Verifying        : libbrotli-1.0.9-4.amzn2023.0.2.x86_64                13/33[0m
2026/09/04 15:50:33 ui: [1;32m==> three-tier-backend.amazon-ebs.backend:   Verifying        : libsodium-1.0.19-5.amzn2023.x86_64                   14/33[0m
2026/09/04 15:50:33 ui: [1;32m==> three-tier-backend.amazon-ebs.backend:   Verifying        : mailcap-2.1.49-3.amzn2023.0.3.noarch                 15/33[0m
2026/09/04 15:50:33 ui: [1;32m==> three-tier-backend.amazon-ebs.backend:   Verifying        : mod_http2-2.0.42-1.amzn2023.0.1.x86_64               16/33[0m
2026/09/04 15:50:33 ui: [1;32m==> three-tier-backend.amazon-ebs.backend:   Verifying        : mod_lua-2.4.68-1.amzn2023.0.1.x86_64                 17/33[0m
2026/09/04 15:50:33 ui: [1;32m==> three-tier-backend.amazon-ebs.backend:   Verifying        : nginx-filesystem-1:1.30.4-1.amzn2023.0.1.noarch      18/33[0m
2026/09/04 15:50:33 ui: [1;32m==> three-tier-backend.amazon-ebs.backend:   Verifying        : perl-Error-1:0.17030-2.amzn2023.0.1.noarch           19/33[0m
2026/09/04 15:50:33 ui: [1;32m==> three-tier-backend.amazon-ebs.backend:   Verifying        : perl-File-Find-1.37-477.amzn2023.0.9.noarch          20/33[0m
2026/09/04 15:50:33 ui: [1;32m==> three-tier-backend.amazon-ebs.backend:   Verifying        : perl-Git-2.50.1-1.amzn2023.0.1.noarch                21/33[0m
2026/09/04 15:50:33 ui: [1;32m==> three-tier-backend.amazon-ebs.backend:   Verifying        : perl-TermReadKey-2.38-9.amzn2023.0.3.x86_64          22/33[0m
2026/09/04 15:50:33 ui: [1;32m==> three-tier-backend.amazon-ebs.backend:   Verifying        : perl-lib-0.65-477.amzn2023.0.9.x86_64                23/33[0m
2026/09/04 15:50:33 ui: [1;32m==> three-tier-backend.amazon-ebs.backend:   Verifying        : php8.5-8.5.9-1.amzn2023.0.1.x86_64                   24/33[0m
2026/09/04 15:50:33 ui: [1;32m==> three-tier-backend.amazon-ebs.backend:   Verifying        : php8.5-cli-8.5.9-1.amzn2023.0.1.x86_64               25/33[0m
2026/09/04 15:50:33 ui: [1;32m==> three-tier-backend.amazon-ebs.backend:   Verifying        : php8.5-common-8.5.9-1.amzn2023.0.1.x86_64            26/33[0m
2026/09/04 15:50:33 ui: [1;32m==> three-tier-backend.amazon-ebs.backend:   Verifying        : php8.5-fpm-8.5.9-1.amzn2023.0.1.x86_64               27/33[0m
2026/09/04 15:50:33 ui: [1;32m==> three-tier-backend.amazon-ebs.backend:   Verifying        : php8.5-mbstring-8.5.9-1.amzn2023.0.1.x86_64          28/33[0m
2026/09/04 15:50:33 ui: [1;32m==> three-tier-backend.amazon-ebs.backend:   Verifying        : php8.5-mysqlnd-8.5.9-1.amzn2023.0.1.x86_64           29/33[0m
2026/09/04 15:50:33 ui: [1;32m==> three-tier-backend.amazon-ebs.backend:   Verifying        : php8.5-pdo-8.5.9-1.amzn2023.0.1.x86_64               30/33[0m
2026/09/04 15:50:33 ui: [1;32m==> three-tier-backend.amazon-ebs.backend:   Verifying        : php8.5-process-8.5.9-1.amzn2023.0.1.x86_64           31/33[0m
2026/09/04 15:50:33 ui: [1;32m==> three-tier-backend.amazon-ebs.backend:   Verifying        : php8.5-sodium-8.5.9-1.amzn2023.0.1.x86_64            32/33[0m
2026/09/04 15:50:33 ui: [1;32m==> three-tier-backend.amazon-ebs.backend:   Verifying        : php8.5-xml-8.5.9-1.amzn2023.0.1.x86_64               33/33[0m
2026/09/04 15:50:35 ui: [1;32m==> three-tier-backend.amazon-ebs.backend:[0m
2026/09/04 15:50:36 ui: [1;32m==> three-tier-backend.amazon-ebs.backend: Installed:[0m
2026/09/04 15:50:36 ui: [1;32m==> three-tier-backend.amazon-ebs.backend:   apr-1.7.5-1.amzn2023.0.4.x86_64[0m
2026/09/04 15:50:36 ui: [1;32m==> three-tier-backend.amazon-ebs.backend:   apr-util-1.6.5-1.amzn2023.0.1.x86_64[0m
2026/09/04 15:50:36 ui: [1;32m==> three-tier-backend.amazon-ebs.backend:   apr-util-lmdb-1.6.5-1.amzn2023.0.1.x86_64[0m
2026/09/04 15:50:36 ui: [1;32m==> three-tier-backend.amazon-ebs.backend:   apr-util-openssl-1.6.5-1.amzn2023.0.1.x86_64[0m
2026/09/04 15:50:36 ui: [1;32m==> three-tier-backend.amazon-ebs.backend:   generic-logos-httpd-18.0.0-12.amzn2023.0.3.noarch[0m
2026/09/04 15:50:36 ui: [1;32m==> three-tier-backend.amazon-ebs.backend:   git-2.50.1-1.amzn2023.0.1.x86_64[0m
2026/09/04 15:50:36 ui: [1;32m==> three-tier-backend.amazon-ebs.backend:   git-core-2.50.1-1.amzn2023.0.1.x86_64[0m
2026/09/04 15:50:36 ui: [1;32m==> three-tier-backend.amazon-ebs.backend:   git-core-doc-2.50.1-1.amzn2023.0.1.noarch[0m
2026/09/04 15:50:36 ui: [1;32m==> three-tier-backend.amazon-ebs.backend:   httpd-2.4.68-1.amzn2023.0.1.x86_64[0m
2026/09/04 15:50:36 ui: [1;32m==> three-tier-backend.amazon-ebs.backend:   httpd-core-2.4.68-1.amzn2023.0.1.x86_64[0m
2026/09/04 15:50:36 ui: [1;32m==> three-tier-backend.amazon-ebs.backend:   httpd-filesystem-2.4.68-1.amzn2023.0.1.noarch[0m
2026/09/04 15:50:36 ui: [1;32m==> three-tier-backend.amazon-ebs.backend:   httpd-tools-2.4.68-1.amzn2023.0.1.x86_64[0m
2026/09/04 15:50:36 ui: [1;32m==> three-tier-backend.amazon-ebs.backend:   libbrotli-1.0.9-4.amzn2023.0.2.x86_64[0m
2026/09/04 15:50:36 ui: [1;32m==> three-tier-backend.amazon-ebs.backend:   libsodium-1.0.19-5.amzn2023.x86_64[0m
2026/09/04 15:50:36 ui: [1;32m==> three-tier-backend.amazon-ebs.backend:   mailcap-2.1.49-3.amzn2023.0.3.noarch[0m
2026/09/04 15:50:36 ui: [1;32m==> three-tier-backend.amazon-ebs.backend:   mod_http2-2.0.42-1.amzn2023.0.1.x86_64[0m
2026/09/04 15:50:36 ui: [1;32m==> three-tier-backend.amazon-ebs.backend:   mod_lua-2.4.68-1.amzn2023.0.1.x86_64[0m
2026/09/04 15:50:36 ui: [1;32m==> three-tier-backend.amazon-ebs.backend:   nginx-filesystem-1:1.30.4-1.amzn2023.0.1.noarch[0m
2026/09/04 15:50:36 ui: [1;32m==> three-tier-backend.amazon-ebs.backend:   perl-Error-1:0.17030-2.amzn2023.0.1.noarch[0m
2026/09/04 15:50:36 ui: [1;32m==> three-tier-backend.amazon-ebs.backend:   perl-File-Find-1.37-477.amzn2023.0.9.noarch[0m
2026/09/04 15:50:36 ui: [1;32m==> three-tier-backend.amazon-ebs.backend:   perl-Git-2.50.1-1.amzn2023.0.1.noarch[0m
2026/09/04 15:50:36 ui: [1;32m==> three-tier-backend.amazon-ebs.backend:   perl-TermReadKey-2.38-9.amzn2023.0.3.x86_64[0m
2026/09/04 15:50:36 ui: [1;32m==> three-tier-backend.amazon-ebs.backend:   perl-lib-0.65-477.amzn2023.0.9.x86_64[0m
2026/09/04 15:50:36 ui: [1;32m==> three-tier-backend.amazon-ebs.backend:   php8.5-8.5.9-1.amzn2023.0.1.x86_64[0m
2026/09/04 15:50:36 ui: [1;32m==> three-tier-backend.amazon-ebs.backend:   php8.5-cli-8.5.9-1.amzn2023.0.1.x86_64[0m
2026/09/04 15:50:36 ui: [1;32m==> three-tier-backend.amazon-ebs.backend:   php8.5-common-8.5.9-1.amzn2023.0.1.x86_64[0m
2026/09/04 15:50:36 ui: [1;32m==> three-tier-backend.amazon-ebs.backend:   php8.5-fpm-8.5.9-1.amzn2023.0.1.x86_64[0m
2026/09/04 15:50:36 ui: [1;32m==> three-tier-backend.amazon-ebs.backend:   php8.5-mbstring-8.5.9-1.amzn2023.0.1.x86_64[0m
2026/09/04 15:50:36 ui: [1;32m==> three-tier-backend.amazon-ebs.backend:   php8.5-mysqlnd-8.5.9-1.amzn2023.0.1.x86_64[0m
2026/09/04 15:50:36 ui: [1;32m==> three-tier-backend.amazon-ebs.backend:   php8.5-pdo-8.5.9-1.amzn2023.0.1.x86_64[0m
2026/09/04 15:50:36 ui: [1;32m==> three-tier-backend.amazon-ebs.backend:   php8.5-process-8.5.9-1.amzn2023.0.1.x86_64[0m
2026/09/04 15:50:36 ui: [1;32m==> three-tier-backend.amazon-ebs.backend:   php8.5-sodium-8.5.9-1.amzn2023.0.1.x86_64[0m
2026/09/04 15:50:36 ui: [1;32m==> three-tier-backend.amazon-ebs.backend:   php8.5-xml-8.5.9-1.amzn2023.0.1.x86_64[0m
2026/09/04 15:50:36 ui: [1;32m==> three-tier-backend.amazon-ebs.backend:[0m
2026/09/04 15:50:36 ui: [1;32m==> three-tier-backend.amazon-ebs.backend: Complete![0m
2026/09/04 15:50:37 ui: [1;32m==> three-tier-backend.amazon-ebs.backend: Created symlink /etc/systemd/system/multi-user.target.wants/httpd.service → /usr/lib/systemd/system/httpd.service.[0m
2026/09/04 15:50:41 packer-plugin-amazon_v1.8.2_x5.0_darwin_arm64 plugin: 2026/09/04 15:50:41 [INFO] RPC endpoint: Communicator ended with: 0
2026/09/04 15:50:41 [INFO] 54460 bytes written for 'stdout'
2026/09/04 15:50:41 [INFO] 0 bytes written for 'stderr'
2026/09/04 15:50:41 [INFO] RPC client: Communicator ended with: 0
2026/09/04 15:50:41 [INFO] RPC endpoint: Communicator ended with: 0
2026/09/04 15:50:41 packer-provisioner-shell plugin: [INFO] 54460 bytes written for 'stdout'
2026/09/04 15:50:41 packer-provisioner-shell plugin: [INFO] 0 bytes written for 'stderr'
2026/09/04 15:50:41 packer-provisioner-shell plugin: [INFO] RPC client: Communicator ended with: 0
2026/09/04 15:50:41 packer-plugin-amazon_v1.8.2_x5.0_darwin_arm64 plugin: 2026/09/04 15:50:41 [DEBUG] Opening new ssh session
2026/09/04 15:50:41 packer-plugin-amazon_v1.8.2_x5.0_darwin_arm64 plugin: 2026/09/04 15:50:41 [DEBUG] starting remote command: rm -f /tmp/script_8911.sh
2026/09/04 15:50:42 packer-plugin-amazon_v1.8.2_x5.0_darwin_arm64 plugin: 2026/09/04 15:50:42 [INFO] RPC endpoint: Communicator ended with: 0
2026/09/04 15:50:42 [INFO] RPC client: Communicator ended with: 0
2026/09/04 15:50:42 [INFO] RPC endpoint: Communicator ended with: 0
2026/09/04 15:50:42 packer-provisioner-shell plugin: [INFO] RPC client: Communicator ended with: 0
2026/09/04 15:50:42 packer-plugin-amazon_v1.8.2_x5.0_darwin_arm64 plugin: 2026/09/04 15:50:42 [DEBUG] Opening new ssh session
2026/09/04 15:50:42 packer-plugin-amazon_v1.8.2_x5.0_darwin_arm64 plugin: 2026/09/04 15:50:42 [DEBUG] starting remote command: rm -f
2026/09/04 15:50:43 packer-plugin-amazon_v1.8.2_x5.0_darwin_arm64 plugin: 2026/09/04 15:50:43 [INFO] RPC endpoint: Communicator ended with: 0
2026/09/04 15:50:43 [INFO] RPC client: Communicator ended with: 0
2026/09/04 15:50:43 [INFO] RPC endpoint: Communicator ended with: 0
2026/09/04 15:50:43 packer-provisioner-shell plugin: [INFO] RPC client: Communicator ended with: 0
2026/09/04 15:50:43 [INFO] (telemetry) ending shell
2026/09/04 15:50:43 [INFO] (telemetry) Starting provisioner shell
2026/09/04 15:50:43 packer-provisioner-shell plugin: [DEBUG] - common: sending ConfigSpec as protobuf
2026/09/04 15:50:43 [DEBUG] - common: receiving ConfigSpec as protobuf
2026/09/04 15:50:43 ui: [1;32m==> three-tier-backend.amazon-ebs.backend: Provisioning with shell script: /var/folders/1n/j9vqp88s1zs1f19m46fjvtb00000gn/T/packer-shell2919925199[0m
2026/09/04 15:50:43 packer-provisioner-shell plugin: Opening /var/folders/1n/j9vqp88s1zs1f19m46fjvtb00000gn/T/packer-shell2919925199 for reading
2026/09/04 15:50:43 packer-provisioner-shell plugin: [INFO] 184 bytes written for 'uploadData'
2026/09/04 15:50:43 [INFO] 184 bytes written for 'uploadData'
2026/09/04 15:50:43 packer-plugin-amazon_v1.8.2_x5.0_darwin_arm64 plugin: 2026/09/04 15:50:43 [DEBUG] Opening new ssh session
2026/09/04 15:50:43 packer-plugin-amazon_v1.8.2_x5.0_darwin_arm64 plugin: 2026/09/04 15:50:43 [DEBUG] Starting remote scp process:  scp -vt /tmp
2026/09/04 15:50:43 packer-plugin-amazon_v1.8.2_x5.0_darwin_arm64 plugin: 2026/09/04 15:50:43 [DEBUG] Started SCP session, beginning transfers...
2026/09/04 15:50:43 packer-plugin-amazon_v1.8.2_x5.0_darwin_arm64 plugin: 2026/09/04 15:50:43 [DEBUG] Copying input data into temporary file so we can read the length
2026/09/04 15:50:43 packer-plugin-amazon_v1.8.2_x5.0_darwin_arm64 plugin: 2026/09/04 15:50:43 [DEBUG] scp: Uploading script_9439.sh: perms=C0644 size=184
2026/09/04 15:50:44 packer-plugin-amazon_v1.8.2_x5.0_darwin_arm64 plugin: 2026/09/04 15:50:44 [DEBUG] SCP session complete, closing stdin pipe.
2026/09/04 15:50:44 packer-plugin-amazon_v1.8.2_x5.0_darwin_arm64 plugin: 2026/09/04 15:50:44 [DEBUG] Waiting for SSH session to complete.
2026/09/04 15:50:44 packer-plugin-amazon_v1.8.2_x5.0_darwin_arm64 plugin: 2026/09/04 15:50:44 [DEBUG] scp stderr (length 70): Sink: C0644 184 script_9439.sh
2026/09/04 15:50:44 packer-plugin-amazon_v1.8.2_x5.0_darwin_arm64 plugin: scp: debug1: fd 0 clearing O_NONBLOCK
2026/09/04 15:50:44 packer-plugin-amazon_v1.8.2_x5.0_darwin_arm64 plugin: 2026/09/04 15:50:44 [DEBUG] Opening new ssh session
2026/09/04 15:50:45 packer-plugin-amazon_v1.8.2_x5.0_darwin_arm64 plugin: 2026/09/04 15:50:45 [DEBUG] starting remote command: chmod 0755 /tmp/script_9439.sh
2026/09/04 15:50:45 packer-plugin-amazon_v1.8.2_x5.0_darwin_arm64 plugin: 2026/09/04 15:50:45 [INFO] RPC endpoint: Communicator ended with: 0
2026/09/04 15:50:45 [INFO] RPC client: Communicator ended with: 0
2026/09/04 15:50:45 [INFO] RPC endpoint: Communicator ended with: 0
2026/09/04 15:50:45 packer-provisioner-shell plugin: [INFO] RPC client: Communicator ended with: 0
2026/09/04 15:50:45 packer-plugin-amazon_v1.8.2_x5.0_darwin_arm64 plugin: 2026/09/04 15:50:45 [DEBUG] Opening new ssh session
2026/09/04 15:50:46 packer-plugin-amazon_v1.8.2_x5.0_darwin_arm64 plugin: 2026/09/04 15:50:46 [DEBUG] starting remote command: chmod +x /tmp/script_9439.sh; PACKER_BUILDER_TYPE='amazon-ebs' PACKER_BUILD_NAME='backend'  /tmp/script_9439.sh
2026/09/04 15:50:47 ui: [1;32m==> three-tier-backend.amazon-ebs.backend: [0;32mAll settings correct for using Composer[0m[0m
2026/09/04 15:50:47 ui: [1;32m==> three-tier-backend.amazon-ebs.backend: [33;33mDownloading...[0m[0m
2026/09/04 15:50:49 ui: [1;32m==> three-tier-backend.amazon-ebs.backend: [0;32m[0m
2026/09/04 15:50:49 ui: [1;32m==> three-tier-backend.amazon-ebs.backend: Composer (version 2.10.3) successfully installed to: /usr/local/bin/composer[0m[0m
2026/09/04 15:50:49 ui: [1;32m==> three-tier-backend.amazon-ebs.backend: [33;33mUse it: php /usr/local/bin/composer[0m[0m
2026/09/04 15:50:49 ui: [1;32m==> three-tier-backend.amazon-ebs.backend:[0m
2026/09/04 15:50:50 packer-plugin-amazon_v1.8.2_x5.0_darwin_arm64 plugin: 2026/09/04 15:50:50 [INFO] RPC endpoint: Communicator ended with: 0
2026/09/04 15:50:50 [INFO] 410 bytes written for 'stdout'
2026/09/04 15:50:50 [INFO] 0 bytes written for 'stderr'
2026/09/04 15:50:50 [INFO] RPC client: Communicator ended with: 0
2026/09/04 15:50:50 [INFO] RPC endpoint: Communicator ended with: 0
2026/09/04 15:50:50 ui: [1;32m==> three-tier-backend.amazon-ebs.backend: [32mComposer[39m version [33m2.10.3[39m 2026-08-27 13:34:23[0m
2026/09/04 15:50:50 packer-provisioner-shell plugin: [INFO] 410 bytes written for 'stdout'
2026/09/04 15:50:50 packer-provisioner-shell plugin: [INFO] 0 bytes written for 'stderr'
2026/09/04 15:50:50 packer-provisioner-shell plugin: [INFO] RPC client: Communicator ended with: 0
2026/09/04 15:50:50 ui: [1;32m==> three-tier-backend.amazon-ebs.backend: [32mPHP[39m version [33m8.5.9[39m (/usr/bin/php)[0m
2026/09/04 15:50:50 ui: [1;32m==> three-tier-backend.amazon-ebs.backend: Run the "diagnose" command to get more detailed diagnostics output.[0m
2026/09/04 15:50:50 packer-plugin-amazon_v1.8.2_x5.0_darwin_arm64 plugin: 2026/09/04 15:50:50 [DEBUG] Opening new ssh session
2026/09/04 15:50:51 packer-plugin-amazon_v1.8.2_x5.0_darwin_arm64 plugin: 2026/09/04 15:50:51 [DEBUG] starting remote command: rm -f /tmp/script_9439.sh
2026/09/04 15:50:51 packer-plugin-amazon_v1.8.2_x5.0_darwin_arm64 plugin: 2026/09/04 15:50:51 [INFO] RPC endpoint: Communicator ended with: 0
2026/09/04 15:50:51 [INFO] RPC client: Communicator ended with: 0
2026/09/04 15:50:51 [INFO] RPC endpoint: Communicator ended with: 0
2026/09/04 15:50:51 packer-provisioner-shell plugin: [INFO] RPC client: Communicator ended with: 0
2026/09/04 15:50:51 packer-plugin-amazon_v1.8.2_x5.0_darwin_arm64 plugin: 2026/09/04 15:50:51 [DEBUG] Opening new ssh session
2026/09/04 15:50:52 packer-plugin-amazon_v1.8.2_x5.0_darwin_arm64 plugin: 2026/09/04 15:50:52 [DEBUG] starting remote command: rm -f
2026/09/04 15:50:52 packer-plugin-amazon_v1.8.2_x5.0_darwin_arm64 plugin: 2026/09/04 15:50:52 [INFO] RPC endpoint: Communicator ended with: 0
2026/09/04 15:50:52 [INFO] RPC client: Communicator ended with: 0
2026/09/04 15:50:52 [INFO] RPC endpoint: Communicator ended with: 0
2026/09/04 15:50:52 packer-provisioner-shell plugin: [INFO] RPC client: Communicator ended with: 0
2026/09/04 15:50:52 [INFO] (telemetry) ending shell
2026/09/04 15:50:52 [INFO] (telemetry) Starting provisioner shell
2026/09/04 15:50:52 packer-provisioner-shell plugin: [DEBUG] - common: sending ConfigSpec as protobuf
2026/09/04 15:50:52 [DEBUG] - common: receiving ConfigSpec as protobuf
2026/09/04 15:50:52 ui: [1;32m==> three-tier-backend.amazon-ebs.backend: Provisioning with shell script: /var/folders/1n/j9vqp88s1zs1f19m46fjvtb00000gn/T/packer-shell179886746[0m
2026/09/04 15:50:52 packer-provisioner-shell plugin: Opening /var/folders/1n/j9vqp88s1zs1f19m46fjvtb00000gn/T/packer-shell179886746 for reading
2026/09/04 15:50:52 packer-provisioner-shell plugin: [INFO] 89 bytes written for 'uploadData'
2026/09/04 15:50:52 [INFO] 89 bytes written for 'uploadData'
2026/09/04 15:50:52 packer-plugin-amazon_v1.8.2_x5.0_darwin_arm64 plugin: 2026/09/04 15:50:52 [DEBUG] Opening new ssh session
2026/09/04 15:50:53 packer-plugin-amazon_v1.8.2_x5.0_darwin_arm64 plugin: 2026/09/04 15:50:53 [DEBUG] Starting remote scp process:  scp -vt /tmp
2026/09/04 15:50:53 packer-plugin-amazon_v1.8.2_x5.0_darwin_arm64 plugin: 2026/09/04 15:50:53 [DEBUG] Started SCP session, beginning transfers...
2026/09/04 15:50:53 packer-plugin-amazon_v1.8.2_x5.0_darwin_arm64 plugin: 2026/09/04 15:50:53 [DEBUG] Copying input data into temporary file so we can read the length
2026/09/04 15:50:53 packer-plugin-amazon_v1.8.2_x5.0_darwin_arm64 plugin: 2026/09/04 15:50:53 [DEBUG] scp: Uploading script_3996.sh: perms=C0644 size=89
2026/09/04 15:50:53 packer-plugin-amazon_v1.8.2_x5.0_darwin_arm64 plugin: 2026/09/04 15:50:53 [DEBUG] SCP session complete, closing stdin pipe.
2026/09/04 15:50:53 packer-plugin-amazon_v1.8.2_x5.0_darwin_arm64 plugin: 2026/09/04 15:50:53 [DEBUG] Waiting for SSH session to complete.
2026/09/04 15:50:54 packer-plugin-amazon_v1.8.2_x5.0_darwin_arm64 plugin: 2026/09/04 15:50:54 [DEBUG] scp stderr (length 69): Sink: C0644 89 script_3996.sh
2026/09/04 15:50:54 packer-plugin-amazon_v1.8.2_x5.0_darwin_arm64 plugin: scp: debug1: fd 0 clearing O_NONBLOCK
2026/09/04 15:50:54 packer-plugin-amazon_v1.8.2_x5.0_darwin_arm64 plugin: 2026/09/04 15:50:54 [DEBUG] Opening new ssh session
2026/09/04 15:50:54 packer-plugin-amazon_v1.8.2_x5.0_darwin_arm64 plugin: 2026/09/04 15:50:54 [DEBUG] starting remote command: chmod 0755 /tmp/script_3996.sh
2026/09/04 15:50:55 packer-plugin-amazon_v1.8.2_x5.0_darwin_arm64 plugin: 2026/09/04 15:50:55 [INFO] RPC endpoint: Communicator ended with: 0
2026/09/04 15:50:55 [INFO] RPC client: Communicator ended with: 0
2026/09/04 15:50:55 [INFO] RPC endpoint: Communicator ended with: 0
2026/09/04 15:50:55 packer-provisioner-shell plugin: [INFO] RPC client: Communicator ended with: 0
2026/09/04 15:50:55 packer-plugin-amazon_v1.8.2_x5.0_darwin_arm64 plugin: 2026/09/04 15:50:55 [DEBUG] Opening new ssh session
2026/09/04 15:50:55 packer-plugin-amazon_v1.8.2_x5.0_darwin_arm64 plugin: 2026/09/04 15:50:55 [DEBUG] starting remote command: chmod +x /tmp/script_3996.sh; PACKER_BUILDER_TYPE='amazon-ebs' PACKER_BUILD_NAME='backend'  /tmp/script_3996.sh
2026/09/04 15:50:57 packer-plugin-amazon_v1.8.2_x5.0_darwin_arm64 plugin: 2026/09/04 15:50:57 [INFO] RPC endpoint: Communicator ended with: 0
2026/09/04 15:50:57 [INFO] 0 bytes written for 'stdout'
2026/09/04 15:50:57 [INFO] 0 bytes written for 'stderr'
2026/09/04 15:50:57 [INFO] RPC client: Communicator ended with: 0
2026/09/04 15:50:57 [INFO] RPC endpoint: Communicator ended with: 0
2026/09/04 15:50:57 packer-provisioner-shell plugin: [INFO] 0 bytes written for 'stdout'
2026/09/04 15:50:57 packer-provisioner-shell plugin: [INFO] 0 bytes written for 'stderr'
2026/09/04 15:50:57 packer-provisioner-shell plugin: [INFO] RPC client: Communicator ended with: 0
2026/09/04 15:50:57 packer-plugin-amazon_v1.8.2_x5.0_darwin_arm64 plugin: 2026/09/04 15:50:57 [DEBUG] Opening new ssh session
2026/09/04 15:50:57 packer-plugin-amazon_v1.8.2_x5.0_darwin_arm64 plugin: 2026/09/04 15:50:57 [DEBUG] starting remote command: rm -f /tmp/script_3996.sh
2026/09/04 15:50:58 packer-plugin-amazon_v1.8.2_x5.0_darwin_arm64 plugin: 2026/09/04 15:50:58 [INFO] RPC endpoint: Communicator ended with: 0
2026/09/04 15:50:58 [INFO] RPC client: Communicator ended with: 0
2026/09/04 15:50:58 [INFO] RPC endpoint: Communicator ended with: 0
2026/09/04 15:50:58 packer-provisioner-shell plugin: [INFO] RPC client: Communicator ended with: 0
2026/09/04 15:50:58 packer-plugin-amazon_v1.8.2_x5.0_darwin_arm64 plugin: 2026/09/04 15:50:58 [DEBUG] Opening new ssh session
2026/09/04 15:50:58 packer-plugin-amazon_v1.8.2_x5.0_darwin_arm64 plugin: 2026/09/04 15:50:58 [DEBUG] starting remote command: rm -f
2026/09/04 15:50:59 packer-plugin-amazon_v1.8.2_x5.0_darwin_arm64 plugin: 2026/09/04 15:50:59 [INFO] RPC endpoint: Communicator ended with: 0
2026/09/04 15:50:59 [INFO] RPC client: Communicator ended with: 0
2026/09/04 15:50:59 [INFO] RPC endpoint: Communicator ended with: 0
2026/09/04 15:50:59 packer-provisioner-shell plugin: [INFO] RPC client: Communicator ended with: 0
2026/09/04 15:50:59 [INFO] (telemetry) ending shell
2026/09/04 15:50:59 [INFO] (telemetry) Starting provisioner shell
2026/09/04 15:50:59 packer-provisioner-shell plugin: [DEBUG] - common: sending ConfigSpec as protobuf
2026/09/04 15:50:59 [DEBUG] - common: receiving ConfigSpec as protobuf
2026/09/04 15:50:59 ui: [1;32m==> three-tier-backend.amazon-ebs.backend: Provisioning with shell script: /var/folders/1n/j9vqp88s1zs1f19m46fjvtb00000gn/T/packer-shell898186863[0m
2026/09/04 15:50:59 packer-provisioner-shell plugin: Opening /var/folders/1n/j9vqp88s1zs1f19m46fjvtb00000gn/T/packer-shell898186863 for reading
2026/09/04 15:50:59 packer-provisioner-shell plugin: [INFO] 149 bytes written for 'uploadData'
2026/09/04 15:50:59 [INFO] 149 bytes written for 'uploadData'
2026/09/04 15:50:59 packer-plugin-amazon_v1.8.2_x5.0_darwin_arm64 plugin: 2026/09/04 15:50:59 [DEBUG] Opening new ssh session
2026/09/04 15:50:59 packer-plugin-amazon_v1.8.2_x5.0_darwin_arm64 plugin: 2026/09/04 15:50:59 [DEBUG] Starting remote scp process:  scp -vt /tmp
2026/09/04 15:51:00 packer-plugin-amazon_v1.8.2_x5.0_darwin_arm64 plugin: 2026/09/04 15:51:00 [DEBUG] Started SCP session, beginning transfers...
2026/09/04 15:51:00 packer-plugin-amazon_v1.8.2_x5.0_darwin_arm64 plugin: 2026/09/04 15:51:00 [DEBUG] Copying input data into temporary file so we can read the length
2026/09/04 15:51:00 packer-plugin-amazon_v1.8.2_x5.0_darwin_arm64 plugin: 2026/09/04 15:51:00 [DEBUG] scp: Uploading script_1247.sh: perms=C0644 size=149
2026/09/04 15:51:00 packer-plugin-amazon_v1.8.2_x5.0_darwin_arm64 plugin: 2026/09/04 15:51:00 [DEBUG] SCP session complete, closing stdin pipe.
2026/09/04 15:51:00 packer-plugin-amazon_v1.8.2_x5.0_darwin_arm64 plugin: 2026/09/04 15:51:00 [DEBUG] Waiting for SSH session to complete.
2026/09/04 15:51:00 packer-plugin-amazon_v1.8.2_x5.0_darwin_arm64 plugin: 2026/09/04 15:51:00 [DEBUG] scp stderr (length 70): Sink: C0644 149 script_1247.sh
2026/09/04 15:51:00 packer-plugin-amazon_v1.8.2_x5.0_darwin_arm64 plugin: scp: debug1: fd 0 clearing O_NONBLOCK
2026/09/04 15:51:00 packer-plugin-amazon_v1.8.2_x5.0_darwin_arm64 plugin: 2026/09/04 15:51:00 [DEBUG] Opening new ssh session
2026/09/04 15:51:01 packer-plugin-amazon_v1.8.2_x5.0_darwin_arm64 plugin: 2026/09/04 15:51:01 [DEBUG] starting remote command: chmod 0755 /tmp/script_1247.sh
2026/09/04 15:51:01 packer-plugin-amazon_v1.8.2_x5.0_darwin_arm64 plugin: 2026/09/04 15:51:01 [INFO] RPC endpoint: Communicator ended with: 0
2026/09/04 15:51:01 [INFO] RPC client: Communicator ended with: 0
2026/09/04 15:51:01 [INFO] RPC endpoint: Communicator ended with: 0
2026/09/04 15:51:01 packer-provisioner-shell plugin: [INFO] RPC client: Communicator ended with: 0
2026/09/04 15:51:01 packer-plugin-amazon_v1.8.2_x5.0_darwin_arm64 plugin: 2026/09/04 15:51:01 [DEBUG] Opening new ssh session
2026/09/04 15:51:02 packer-plugin-amazon_v1.8.2_x5.0_darwin_arm64 plugin: 2026/09/04 15:51:02 [DEBUG] starting remote command: chmod +x /tmp/script_1247.sh; PACKER_BUILDER_TYPE='amazon-ebs' PACKER_BUILD_NAME='backend'  /tmp/script_1247.sh
2026/09/04 15:51:03 ui: [1;32m==> three-tier-backend.amazon-ebs.backend: Cloning into '3tier-app-code'...[0m
2026/09/04 15:51:03 ui: [1;32m==> three-tier-backend.amazon-ebs.backend: remote: Enumerating objects: 37, done.[K[0m
2026/09/04 15:51:03 ui: [1;32m==> three-tier-backend.amazon-ebs.backend: remote: Counting objects: 100% (37/37), done.[K[0m
2026/09/04 15:51:03 ui: [1;32m==> three-tier-backend.amazon-ebs.backend: remote: Compressing objects: 100% (24/24), done.[K[0m
2026/09/04 15:51:03 ui: [1;32m==> three-tier-backend.amazon-ebs.backend: remote: Total 37 (delta 9), reused 36 (delta 8), pack-reused 0 (from 0)[K[0m
2026/09/04 15:51:04 ui: [1;32m==> three-tier-backend.amazon-ebs.backend: Receiving objects: 100% (37/37), 580.40 KiB | 3.50 MiB/s, done.[0m
2026/09/04 15:51:04 ui: [1;32m==> three-tier-backend.amazon-ebs.backend: Resolving deltas: 100% (9/9), done.[0m
2026/09/04 15:51:06 ui: [1;32m==> three-tier-backend.amazon-ebs.backend: [32mInstalling dependencies from lock file[39m[0m
2026/09/04 15:51:06 ui: [1;32m==> three-tier-backend.amazon-ebs.backend: [32mVerifying lock file contents can be installed on current platform.[39m[0m
2026/09/04 15:51:06 ui: [1;32m==> three-tier-backend.amazon-ebs.backend: [32mPackage operations: 15 installs, 0 updates, 0 removals[39m[0m
2026/09/04 15:51:06 ui: [1;32m==> three-tier-backend.amazon-ebs.backend:   - Downloading [32msymfony/polyfill-mbstring[39m ([33mv1.38.2[39m)[0m
2026/09/04 15:51:06 ui: [1;32m==> three-tier-backend.amazon-ebs.backend:   - Downloading [32msymfony/polyfill-ctype[39m ([33mv1.37.0[39m)[0m
2026/09/04 15:51:06 ui: [1;32m==> three-tier-backend.amazon-ebs.backend:   - Downloading [32msymfony/deprecation-contracts[39m ([33mv3.7.1[39m)[0m
2026/09/04 15:51:06 ui: [1;32m==> three-tier-backend.amazon-ebs.backend:   - Downloading [32msymfony/filesystem[39m ([33mv8.1.6[39m)[0m
2026/09/04 15:51:06 ui: [1;32m==> three-tier-backend.amazon-ebs.backend:   - Downloading [32mpsr/http-message[39m ([33m2.0[39m)[0m
2026/09/04 15:51:06 ui: [1;32m==> three-tier-backend.amazon-ebs.backend:   - Downloading [32mmtdowling/jmespath.php[39m ([33m2.9.2[39m)[0m
2026/09/04 15:51:06 ui: [1;32m==> three-tier-backend.amazon-ebs.backend:   - Downloading [32msymfony/polyfill-php82[39m ([33mv1.38.1[39m)[0m
2026/09/04 15:51:06 ui: [1;32m==> three-tier-backend.amazon-ebs.backend:   - Downloading [32msymfony/polyfill-php80[39m ([33mv1.37.0[39m)[0m
2026/09/04 15:51:06 ui: [1;32m==> three-tier-backend.amazon-ebs.backend:   - Downloading [32mpsr/http-factory[39m ([33m1.1.0[39m)[0m
2026/09/04 15:51:06 ui: [1;32m==> three-tier-backend.amazon-ebs.backend:   - Downloading [32mguzzlehttp/psr7[39m ([33m3.1.0[39m)[0m
2026/09/04 15:51:06 ui: [1;32m==> three-tier-backend.amazon-ebs.backend:   - Downloading [32mguzzlehttp/promises[39m ([33m3.0.2[39m)[0m
2026/09/04 15:51:06 ui: [1;32m==> three-tier-backend.amazon-ebs.backend:   - Downloading [32mpsr/http-client[39m ([33m1.0.3[39m)[0m
2026/09/04 15:51:06 ui: [1;32m==> three-tier-backend.amazon-ebs.backend:   - Downloading [32mguzzlehttp/guzzle[39m ([33m8.1.0[39m)[0m
2026/09/04 15:51:06 ui: [1;32m==> three-tier-backend.amazon-ebs.backend:   - Downloading [32maws/aws-crt-php[39m ([33mv1.2.7[39m)[0m
2026/09/04 15:51:06 ui: [1;32m==> three-tier-backend.amazon-ebs.backend:   - Downloading [32maws/aws-sdk-php[39m ([33m3.394.8[39m)[0m
2026/09/04 15:51:07 ui: [1;32m==> three-tier-backend.amazon-ebs.backend:   0/15 [>---------------------------]   0%[1G[2K 13/15 [========================>---]  86%[1G[2K 14/15 [==========================>-]  93%[1G[2K 15/15 [============================] 100%[1G[2K  - Installing [32msymfony/polyfill-mbstring[39m ([33mv1.38.2[39m): Extracting archive[0m
2026/09/04 15:51:07 ui: [1;32m==> three-tier-backend.amazon-ebs.backend:   - Installing [32msymfony/polyfill-ctype[39m ([33mv1.37.0[39m): Extracting archive[0m
2026/09/04 15:51:07 ui: [1;32m==> three-tier-backend.amazon-ebs.backend:   - Installing [32msymfony/deprecation-contracts[39m ([33mv3.7.1[39m): Extracting archive[0m
2026/09/04 15:51:07 ui: [1;32m==> three-tier-backend.amazon-ebs.backend:   - Installing [32msymfony/filesystem[39m ([33mv8.1.6[39m): Extracting archive[0m
2026/09/04 15:51:08 ui: [1;32m==> three-tier-backend.amazon-ebs.backend:   - Installing [32mpsr/http-message[39m ([33m2.0[39m): Extracting archive[0m
2026/09/04 15:51:08 ui: [1;32m==> three-tier-backend.amazon-ebs.backend:   - Installing [32mmtdowling/jmespath.php[39m ([33m2.9.2[39m): Extracting archive[0m
2026/09/04 15:51:08 ui: [1;32m==> three-tier-backend.amazon-ebs.backend:   - Installing [32msymfony/polyfill-php82[39m ([33mv1.38.1[39m): Extracting archive[0m
2026/09/04 15:51:08 ui: [1;32m==> three-tier-backend.amazon-ebs.backend:   - Installing [32msymfony/polyfill-php80[39m ([33mv1.37.0[39m): Extracting archive[0m
2026/09/04 15:51:08 ui: [1;32m==> three-tier-backend.amazon-ebs.backend:   - Installing [32mpsr/http-factory[39m ([33m1.1.0[39m): Extracting archive[0m
2026/09/04 15:51:08 ui: [1;32m==> three-tier-backend.amazon-ebs.backend:   - Installing [32mguzzlehttp/psr7[39m ([33m3.1.0[39m): Extracting archive[0m
2026/09/04 15:51:08 ui: [1;32m==> three-tier-backend.amazon-ebs.backend:   - Installing [32mguzzlehttp/promises[39m ([33m3.0.2[39m): Extracting archive[0m
2026/09/04 15:51:08 ui: [1;32m==> three-tier-backend.amazon-ebs.backend:   - Installing [32mpsr/http-client[39m ([33m1.0.3[39m): Extracting archive[0m
2026/09/04 15:51:08 ui: [1;32m==> three-tier-backend.amazon-ebs.backend:   - Installing [32mguzzlehttp/guzzle[39m ([33m8.1.0[39m): Extracting archive[0m
2026/09/04 15:51:08 ui: [1;32m==> three-tier-backend.amazon-ebs.backend:   - Installing [32maws/aws-crt-php[39m ([33mv1.2.7[39m): Extracting archive[0m
2026/09/04 15:51:08 ui: [1;32m==> three-tier-backend.amazon-ebs.backend:   - Installing [32maws/aws-sdk-php[39m ([33m3.394.8[39m): Extracting archive[0m
2026/09/04 15:51:15 ui: [1;32m==> three-tier-backend.amazon-ebs.backend:   0/15 [>---------------------------]   0%[1G[2K 10/15 [==================>---------]  66%[1G[2K 12/15 [======================>-----]  80%[1G[2K 14/15 [==========================>-]  93%[1G[2K 15/15 [============================] 100%[1G[2K[32mGenerating optimized autoload files[39m[0m
2026/09/04 15:51:18 ui: [1;32m==> three-tier-backend.amazon-ebs.backend: [32m9 packages you are using are looking for funding.[39m[0m
2026/09/04 15:51:18 ui: [1;32m==> three-tier-backend.amazon-ebs.backend: [32mUse the `composer fund` command to find out more![39m[0m
2026/09/04 15:51:18 packer-plugin-amazon_v1.8.2_x5.0_darwin_arm64 plugin: 2026/09/04 15:51:18 [INFO] RPC endpoint: Communicator ended with: 0
2026/09/04 15:51:18 [INFO] 7515 bytes written for 'stdout'
2026/09/04 15:51:18 [INFO] 0 bytes written for 'stderr'
2026/09/04 15:51:18 [INFO] RPC client: Communicator ended with: 0
2026/09/04 15:51:18 [INFO] RPC endpoint: Communicator ended with: 0
2026/09/04 15:51:18 packer-provisioner-shell plugin: [INFO] 7515 bytes written for 'stdout'
2026/09/04 15:51:18 packer-provisioner-shell plugin: [INFO] 0 bytes written for 'stderr'
2026/09/04 15:51:18 packer-provisioner-shell plugin: [INFO] RPC client: Communicator ended with: 0
2026/09/04 15:51:18 packer-plugin-amazon_v1.8.2_x5.0_darwin_arm64 plugin: 2026/09/04 15:51:18 [DEBUG] Opening new ssh session
2026/09/04 15:51:18 packer-plugin-amazon_v1.8.2_x5.0_darwin_arm64 plugin: 2026/09/04 15:51:18 [DEBUG] starting remote command: rm -f /tmp/script_1247.sh
2026/09/04 15:51:19 packer-plugin-amazon_v1.8.2_x5.0_darwin_arm64 plugin: 2026/09/04 15:51:19 [INFO] RPC endpoint: Communicator ended with: 0
2026/09/04 15:51:19 [INFO] RPC client: Communicator ended with: 0
2026/09/04 15:51:19 [INFO] RPC endpoint: Communicator ended with: 0
2026/09/04 15:51:19 packer-provisioner-shell plugin: [INFO] RPC client: Communicator ended with: 0
2026/09/04 15:51:19 packer-plugin-amazon_v1.8.2_x5.0_darwin_arm64 plugin: 2026/09/04 15:51:19 [DEBUG] Opening new ssh session
2026/09/04 15:51:19 packer-plugin-amazon_v1.8.2_x5.0_darwin_arm64 plugin: 2026/09/04 15:51:19 [DEBUG] starting remote command: rm -f
2026/09/04 15:51:20 packer-plugin-amazon_v1.8.2_x5.0_darwin_arm64 plugin: 2026/09/04 15:51:20 [INFO] RPC endpoint: Communicator ended with: 0
2026/09/04 15:51:20 [INFO] RPC client: Communicator ended with: 0
2026/09/04 15:51:20 [INFO] RPC endpoint: Communicator ended with: 0
2026/09/04 15:51:20 packer-provisioner-shell plugin: [INFO] RPC client: Communicator ended with: 0
2026/09/04 15:51:20 [INFO] (telemetry) ending shell
2026/09/04 15:51:20 [INFO] (telemetry) Starting provisioner shell
2026/09/04 15:51:20 packer-provisioner-shell plugin: [DEBUG] - common: sending ConfigSpec as protobuf
2026/09/04 15:51:20 [DEBUG] - common: receiving ConfigSpec as protobuf
2026/09/04 15:51:20 ui: [1;32m==> three-tier-backend.amazon-ebs.backend: Provisioning with shell script: /var/folders/1n/j9vqp88s1zs1f19m46fjvtb00000gn/T/packer-shell3513075282[0m
2026/09/04 15:51:20 packer-provisioner-shell plugin: Opening /var/folders/1n/j9vqp88s1zs1f19m46fjvtb00000gn/T/packer-shell3513075282 for reading
2026/09/04 15:51:20 packer-provisioner-shell plugin: [INFO] 286 bytes written for 'uploadData'
2026/09/04 15:51:20 [INFO] 286 bytes written for 'uploadData'
2026/09/04 15:51:20 packer-plugin-amazon_v1.8.2_x5.0_darwin_arm64 plugin: 2026/09/04 15:51:20 [DEBUG] Opening new ssh session
2026/09/04 15:51:20 packer-plugin-amazon_v1.8.2_x5.0_darwin_arm64 plugin: 2026/09/04 15:51:20 [DEBUG] Starting remote scp process:  scp -vt /tmp
2026/09/04 15:51:20 packer-plugin-amazon_v1.8.2_x5.0_darwin_arm64 plugin: 2026/09/04 15:51:20 [DEBUG] Started SCP session, beginning transfers...
2026/09/04 15:51:20 packer-plugin-amazon_v1.8.2_x5.0_darwin_arm64 plugin: 2026/09/04 15:51:20 [DEBUG] Copying input data into temporary file so we can read the length
2026/09/04 15:51:20 packer-plugin-amazon_v1.8.2_x5.0_darwin_arm64 plugin: 2026/09/04 15:51:20 [DEBUG] scp: Uploading script_9513.sh: perms=C0644 size=286
2026/09/04 15:51:21 packer-plugin-amazon_v1.8.2_x5.0_darwin_arm64 plugin: 2026/09/04 15:51:21 [DEBUG] SCP session complete, closing stdin pipe.
2026/09/04 15:51:21 packer-plugin-amazon_v1.8.2_x5.0_darwin_arm64 plugin: 2026/09/04 15:51:21 [DEBUG] Waiting for SSH session to complete.
2026/09/04 15:51:21 packer-plugin-amazon_v1.8.2_x5.0_darwin_arm64 plugin: 2026/09/04 15:51:21 [DEBUG] scp stderr (length 70): Sink: C0644 286 script_9513.sh
2026/09/04 15:51:21 packer-plugin-amazon_v1.8.2_x5.0_darwin_arm64 plugin: scp: debug1: fd 0 clearing O_NONBLOCK
2026/09/04 15:51:21 packer-plugin-amazon_v1.8.2_x5.0_darwin_arm64 plugin: 2026/09/04 15:51:21 [DEBUG] Opening new ssh session
2026/09/04 15:51:22 packer-plugin-amazon_v1.8.2_x5.0_darwin_arm64 plugin: 2026/09/04 15:51:22 [DEBUG] starting remote command: chmod 0755 /tmp/script_9513.sh
2026/09/04 15:51:22 packer-plugin-amazon_v1.8.2_x5.0_darwin_arm64 plugin: 2026/09/04 15:51:22 [INFO] RPC endpoint: Communicator ended with: 0
2026/09/04 15:51:22 [INFO] RPC client: Communicator ended with: 0
2026/09/04 15:51:22 [INFO] RPC endpoint: Communicator ended with: 0
2026/09/04 15:51:22 packer-provisioner-shell plugin: [INFO] RPC client: Communicator ended with: 0
2026/09/04 15:51:22 packer-plugin-amazon_v1.8.2_x5.0_darwin_arm64 plugin: 2026/09/04 15:51:22 [DEBUG] Opening new ssh session
2026/09/04 15:51:23 packer-plugin-amazon_v1.8.2_x5.0_darwin_arm64 plugin: 2026/09/04 15:51:23 [DEBUG] starting remote command: chmod +x /tmp/script_9513.sh; PACKER_BUILDER_TYPE='amazon-ebs' PACKER_BUILD_NAME='backend'  /tmp/script_9513.sh
2026/09/04 15:52:39 packer-plugin-amazon_v1.8.2_x5.0_darwin_arm64 plugin: 2026/09/04 15:52:39 [INFO] RPC endpoint: Communicator ended with: 0
2026/09/04 15:52:39 [INFO] 0 bytes written for 'stdout'
2026/09/04 15:52:39 [INFO] 0 bytes written for 'stderr'
2026/09/04 15:52:39 [INFO] RPC client: Communicator ended with: 0
2026/09/04 15:52:39 [INFO] RPC endpoint: Communicator ended with: 0
2026/09/04 15:52:39 packer-provisioner-shell plugin: [INFO] 0 bytes written for 'stdout'
2026/09/04 15:52:39 packer-provisioner-shell plugin: [INFO] 0 bytes written for 'stderr'
2026/09/04 15:52:39 packer-provisioner-shell plugin: [INFO] RPC client: Communicator ended with: 0
2026/09/04 15:52:39 packer-plugin-amazon_v1.8.2_x5.0_darwin_arm64 plugin: 2026/09/04 15:52:39 [DEBUG] Opening new ssh session
2026/09/04 15:52:40 packer-plugin-amazon_v1.8.2_x5.0_darwin_arm64 plugin: 2026/09/04 15:52:40 [DEBUG] starting remote command: rm -f /tmp/script_9513.sh
2026/09/04 15:52:40 packer-plugin-amazon_v1.8.2_x5.0_darwin_arm64 plugin: 2026/09/04 15:52:40 [INFO] RPC endpoint: Communicator ended with: 0
2026/09/04 15:52:40 [INFO] RPC client: Communicator ended with: 0
2026/09/04 15:52:40 [INFO] RPC endpoint: Communicator ended with: 0
2026/09/04 15:52:40 packer-provisioner-shell plugin: [INFO] RPC client: Communicator ended with: 0
2026/09/04 15:52:40 packer-plugin-amazon_v1.8.2_x5.0_darwin_arm64 plugin: 2026/09/04 15:52:40 [DEBUG] Opening new ssh session
2026/09/04 15:52:41 packer-plugin-amazon_v1.8.2_x5.0_darwin_arm64 plugin: 2026/09/04 15:52:41 [DEBUG] starting remote command: rm -f
2026/09/04 15:52:42 packer-plugin-amazon_v1.8.2_x5.0_darwin_arm64 plugin: 2026/09/04 15:52:42 [INFO] RPC endpoint: Communicator ended with: 0
2026/09/04 15:52:42 [INFO] RPC client: Communicator ended with: 0
2026/09/04 15:52:42 [INFO] RPC endpoint: Communicator ended with: 0
2026/09/04 15:52:42 packer-provisioner-shell plugin: [INFO] RPC client: Communicator ended with: 0
2026/09/04 15:52:42 [INFO] (telemetry) ending shell
2026/09/04 15:52:42 [INFO] (telemetry) Starting provisioner shell
2026/09/04 15:52:42 packer-provisioner-shell plugin: [DEBUG] - common: sending ConfigSpec as protobuf
2026/09/04 15:52:42 [DEBUG] - common: receiving ConfigSpec as protobuf
2026/09/04 15:52:42 ui: [1;32m==> three-tier-backend.amazon-ebs.backend: Provisioning with shell script: /var/folders/1n/j9vqp88s1zs1f19m46fjvtb00000gn/T/packer-shell2466567186[0m
2026/09/04 15:52:42 packer-provisioner-shell plugin: Opening /var/folders/1n/j9vqp88s1zs1f19m46fjvtb00000gn/T/packer-shell2466567186 for reading
2026/09/04 15:52:42 packer-provisioner-shell plugin: [INFO] 103 bytes written for 'uploadData'
2026/09/04 15:52:42 [INFO] 103 bytes written for 'uploadData'
2026/09/04 15:52:42 packer-plugin-amazon_v1.8.2_x5.0_darwin_arm64 plugin: 2026/09/04 15:52:42 [DEBUG] Opening new ssh session
2026/09/04 15:52:42 packer-plugin-amazon_v1.8.2_x5.0_darwin_arm64 plugin: 2026/09/04 15:52:42 [DEBUG] Starting remote scp process:  scp -vt /tmp
2026/09/04 15:52:42 packer-plugin-amazon_v1.8.2_x5.0_darwin_arm64 plugin: 2026/09/04 15:52:42 [DEBUG] Started SCP session, beginning transfers...
2026/09/04 15:52:42 packer-plugin-amazon_v1.8.2_x5.0_darwin_arm64 plugin: 2026/09/04 15:52:42 [DEBUG] Copying input data into temporary file so we can read the length
2026/09/04 15:52:42 packer-plugin-amazon_v1.8.2_x5.0_darwin_arm64 plugin: 2026/09/04 15:52:42 [DEBUG] scp: Uploading script_5444.sh: perms=C0644 size=103
2026/09/04 15:52:42 packer-plugin-amazon_v1.8.2_x5.0_darwin_arm64 plugin: 2026/09/04 15:52:42 [DEBUG] SCP session complete, closing stdin pipe.
2026/09/04 15:52:42 packer-plugin-amazon_v1.8.2_x5.0_darwin_arm64 plugin: 2026/09/04 15:52:42 [DEBUG] Waiting for SSH session to complete.
2026/09/04 15:52:43 packer-plugin-amazon_v1.8.2_x5.0_darwin_arm64 plugin: 2026/09/04 15:52:43 [DEBUG] scp stderr (length 70): Sink: C0644 103 script_5444.sh
2026/09/04 15:52:43 packer-plugin-amazon_v1.8.2_x5.0_darwin_arm64 plugin: scp: debug1: fd 0 clearing O_NONBLOCK
2026/09/04 15:52:43 packer-plugin-amazon_v1.8.2_x5.0_darwin_arm64 plugin: 2026/09/04 15:52:43 [DEBUG] Opening new ssh session
2026/09/04 15:52:43 packer-plugin-amazon_v1.8.2_x5.0_darwin_arm64 plugin: 2026/09/04 15:52:43 [DEBUG] starting remote command: chmod 0755 /tmp/script_5444.sh
2026/09/04 15:52:44 packer-plugin-amazon_v1.8.2_x5.0_darwin_arm64 plugin: 2026/09/04 15:52:44 [INFO] RPC endpoint: Communicator ended with: 0
2026/09/04 15:52:44 [INFO] RPC client: Communicator ended with: 0
2026/09/04 15:52:44 [INFO] RPC endpoint: Communicator ended with: 0
2026/09/04 15:52:44 packer-provisioner-shell plugin: [INFO] RPC client: Communicator ended with: 0
2026/09/04 15:52:44 packer-plugin-amazon_v1.8.2_x5.0_darwin_arm64 plugin: 2026/09/04 15:52:44 [DEBUG] Opening new ssh session
2026/09/04 15:52:44 packer-plugin-amazon_v1.8.2_x5.0_darwin_arm64 plugin: 2026/09/04 15:52:44 [DEBUG] starting remote command: chmod +x /tmp/script_5444.sh; PACKER_BUILDER_TYPE='amazon-ebs' PACKER_BUILD_NAME='backend'  /tmp/script_5444.sh
2026/09/04 15:52:50 ui: [1;32m==> three-tier-backend.amazon-ebs.backend: Dependencies resolved.[0m
2026/09/04 15:52:50 ui: [1;32m==> three-tier-backend.amazon-ebs.backend: ================================================================================[0m
2026/09/04 15:52:50 ui: [1;32m==> three-tier-backend.amazon-ebs.backend:  Package            Arch     Version                       Repository      Size[0m
2026/09/04 15:52:50 ui: [1;32m==> three-tier-backend.amazon-ebs.backend: ================================================================================[0m
2026/09/04 15:52:50 ui: [1;32m==> three-tier-backend.amazon-ebs.backend: Removing:[0m
2026/09/04 15:52:50 ui: [1;32m==> three-tier-backend.amazon-ebs.backend:  [31mgit               (B[m x86_64   2.50.1-1.amzn2023.0.1         @amazonlinux    85 k[0m
2026/09/04 15:52:50 ui: [1;32m==> three-tier-backend.amazon-ebs.backend: Removing unused dependencies:[0m
2026/09/04 15:52:50 ui: [1;32m==> three-tier-backend.amazon-ebs.backend:  [31mgit-core          (B[m x86_64   2.50.1-1.amzn2023.0.1         @amazonlinux    23 M[0m
2026/09/04 15:52:50 ui: [1;32m==> three-tier-backend.amazon-ebs.backend:  [31mgit-core-doc      (B[m noarch   2.50.1-1.amzn2023.0.1         @amazonlinux    18 M[0m
2026/09/04 15:52:50 ui: [1;32m==> three-tier-backend.amazon-ebs.backend:  [31mperl-Error        (B[m noarch   1:0.17030-2.amzn2023.0.1      @amazonlinux    77 k[0m
2026/09/04 15:52:50 ui: [1;32m==> three-tier-backend.amazon-ebs.backend:  [31mperl-File-Find    (B[m noarch   1.37-477.amzn2023.0.9         @amazonlinux    39 k[0m
2026/09/04 15:52:50 ui: [1;32m==> three-tier-backend.amazon-ebs.backend:  [31mperl-Git          (B[m noarch   2.50.1-1.amzn2023.0.1         @amazonlinux    65 k[0m
2026/09/04 15:52:50 ui: [1;32m==> three-tier-backend.amazon-ebs.backend:  [31mperl-TermReadKey  (B[m x86_64   2.38-9.amzn2023.0.3           @amazonlinux    64 k[0m
2026/09/04 15:52:50 ui: [1;32m==> three-tier-backend.amazon-ebs.backend:  [31mperl-lib          (B[m x86_64   0.65-477.amzn2023.0.9         @amazonlinux   9.4 k[0m
2026/09/04 15:52:50 ui: [1;32m==> three-tier-backend.amazon-ebs.backend:[0m
2026/09/04 15:52:50 ui: [1;32m==> three-tier-backend.amazon-ebs.backend: Transaction Summary[0m
2026/09/04 15:52:50 ui: [1;32m==> three-tier-backend.amazon-ebs.backend: ================================================================================[0m
2026/09/04 15:52:50 ui: [1;32m==> three-tier-backend.amazon-ebs.backend: Remove  8 Packages[0m
2026/09/04 15:52:50 ui: [1;32m==> three-tier-backend.amazon-ebs.backend:[0m
2026/09/04 15:52:50 ui: [1;32m==> three-tier-backend.amazon-ebs.backend: Freed space: 41 M[0m
2026/09/04 15:52:50 ui: [1;32m==> three-tier-backend.amazon-ebs.backend: Running transaction check[0m
2026/09/04 15:52:50 ui: [1;32m==> three-tier-backend.amazon-ebs.backend: Transaction check succeeded.[0m
2026/09/04 15:52:50 ui: [1;32m==> three-tier-backend.amazon-ebs.backend: Running transaction test[0m
2026/09/04 15:52:50 ui: [1;32m==> three-tier-backend.amazon-ebs.backend: Transaction test succeeded.[0m
2026/09/04 15:52:50 ui: [1;32m==> three-tier-backend.amazon-ebs.backend: Running transaction[0m
2026/09/04 15:52:50 ui: [1;32m==> three-tier-backend.amazon-ebs.backend:   Preparing        :                                                        1/1[0m
2026/09/04 15:52:51 ui: [1;32m==> three-tier-backend.amazon-ebs.backend:   Erasing          : git-2.50.1-1.amzn2023.0.1.x86_64                       1/8[0m
2026/09/04 15:52:52 ui: [1;32m==> three-tier-backend.amazon-ebs.backend:   Erasing          : git-core-doc-2.50.1-1.amzn2023.0.1.noarch              2/8[0m
2026/09/04 15:52:52 ui: [1;32m==> three-tier-backend.amazon-ebs.backend:   Erasing          : perl-Git-2.50.1-1.amzn2023.0.1.noarch                  3/8[0m
2026/09/04 15:52:53 ui: [1;32m==> three-tier-backend.amazon-ebs.backend:   Erasing          : perl-Error-1:0.17030-2.amzn2023.0.1.noarch             4/8[0m
2026/09/04 15:52:53 ui: [1;32m==> three-tier-backend.amazon-ebs.backend:   Erasing          : perl-File-Find-1.37-477.amzn2023.0.9.noarch            5/8[0m
2026/09/04 15:52:53 ui: [1;32m==> three-tier-backend.amazon-ebs.backend:   Erasing          : perl-lib-0.65-477.amzn2023.0.9.x86_64                  6/8[0m
2026/09/04 15:52:53 ui: [1;32m==> three-tier-backend.amazon-ebs.backend:   Erasing          : git-core-2.50.1-1.amzn2023.0.1.x86_64                  7/8[0m
2026/09/04 15:52:53 ui: [1;32m==> three-tier-backend.amazon-ebs.backend:   Erasing          : perl-TermReadKey-2.38-9.amzn2023.0.3.x86_64            8/8[0m
2026/09/04 15:52:53 ui: [1;32m==> three-tier-backend.amazon-ebs.backend:   Running scriptlet: perl-TermReadKey-2.38-9.amzn2023.0.3.x86_64            8/8[0m
2026/09/04 15:52:54 ui: [1;32m==> three-tier-backend.amazon-ebs.backend:   Verifying        : git-2.50.1-1.amzn2023.0.1.x86_64                       1/8[0m
2026/09/04 15:52:54 ui: [1;32m==> three-tier-backend.amazon-ebs.backend:   Verifying        : git-core-2.50.1-1.amzn2023.0.1.x86_64                  2/8[0m
2026/09/04 15:52:54 ui: [1;32m==> three-tier-backend.amazon-ebs.backend:   Verifying        : git-core-doc-2.50.1-1.amzn2023.0.1.noarch              3/8[0m
2026/09/04 15:52:54 ui: [1;32m==> three-tier-backend.amazon-ebs.backend:   Verifying        : perl-Error-1:0.17030-2.amzn2023.0.1.noarch             4/8[0m
2026/09/04 15:52:54 ui: [1;32m==> three-tier-backend.amazon-ebs.backend:   Verifying        : perl-File-Find-1.37-477.amzn2023.0.9.noarch            5/8[0m
2026/09/04 15:52:54 ui: [1;32m==> three-tier-backend.amazon-ebs.backend:   Verifying        : perl-Git-2.50.1-1.amzn2023.0.1.noarch                  6/8[0m
2026/09/04 15:52:54 ui: [1;32m==> three-tier-backend.amazon-ebs.backend:   Verifying        : perl-TermReadKey-2.38-9.amzn2023.0.3.x86_64            7/8[0m
2026/09/04 15:52:54 ui: [1;32m==> three-tier-backend.amazon-ebs.backend:   Verifying        : perl-lib-0.65-477.amzn2023.0.9.x86_64                  8/8[0m
2026/09/04 15:52:55 ui: [1;32m==> three-tier-backend.amazon-ebs.backend:[0m
2026/09/04 15:52:56 ui: [1;32m==> three-tier-backend.amazon-ebs.backend: Removed:[0m
2026/09/04 15:52:56 ui: [1;32m==> three-tier-backend.amazon-ebs.backend:   git-2.50.1-1.amzn2023.0.1.x86_64[0m
2026/09/04 15:52:56 ui: [1;32m==> three-tier-backend.amazon-ebs.backend:   git-core-2.50.1-1.amzn2023.0.1.x86_64[0m
2026/09/04 15:52:56 ui: [1;32m==> three-tier-backend.amazon-ebs.backend:   git-core-doc-2.50.1-1.amzn2023.0.1.noarch[0m
2026/09/04 15:52:56 ui: [1;32m==> three-tier-backend.amazon-ebs.backend:   perl-Error-1:0.17030-2.amzn2023.0.1.noarch[0m
2026/09/04 15:52:56 ui: [1;32m==> three-tier-backend.amazon-ebs.backend:   perl-File-Find-1.37-477.amzn2023.0.9.noarch[0m
2026/09/04 15:52:56 ui: [1;32m==> three-tier-backend.amazon-ebs.backend:   perl-Git-2.50.1-1.amzn2023.0.1.noarch[0m
2026/09/04 15:52:56 ui: [1;32m==> three-tier-backend.amazon-ebs.backend:   perl-TermReadKey-2.38-9.amzn2023.0.3.x86_64[0m
2026/09/04 15:52:56 ui: [1;32m==> three-tier-backend.amazon-ebs.backend:   perl-lib-0.65-477.amzn2023.0.9.x86_64[0m
2026/09/04 15:52:56 ui: [1;32m==> three-tier-backend.amazon-ebs.backend:[0m
2026/09/04 15:52:56 ui: [1;32m==> three-tier-backend.amazon-ebs.backend: Complete![0m
2026/09/04 15:52:56 packer-plugin-amazon_v1.8.2_x5.0_darwin_arm64 plugin: 2026/09/04 15:52:56 [INFO] RPC endpoint: Communicator ended with: 0
2026/09/04 15:52:56 [INFO] 12701 bytes written for 'stdout'
2026/09/04 15:52:56 [INFO] 0 bytes written for 'stderr'
2026/09/04 15:52:56 [INFO] RPC client: Communicator ended with: 0
2026/09/04 15:52:56 [INFO] RPC endpoint: Communicator ended with: 0
2026/09/04 15:52:56 packer-provisioner-shell plugin: [INFO] 12701 bytes written for 'stdout'
2026/09/04 15:52:56 packer-provisioner-shell plugin: [INFO] 0 bytes written for 'stderr'
2026/09/04 15:52:56 packer-provisioner-shell plugin: [INFO] RPC client: Communicator ended with: 0
2026/09/04 15:52:56 packer-plugin-amazon_v1.8.2_x5.0_darwin_arm64 plugin: 2026/09/04 15:52:56 [DEBUG] Opening new ssh session
2026/09/04 15:52:57 packer-plugin-amazon_v1.8.2_x5.0_darwin_arm64 plugin: 2026/09/04 15:52:57 [DEBUG] starting remote command: rm -f /tmp/script_5444.sh
2026/09/04 15:52:58 packer-plugin-amazon_v1.8.2_x5.0_darwin_arm64 plugin: 2026/09/04 15:52:58 [INFO] RPC endpoint: Communicator ended with: 0
2026/09/04 15:52:58 [INFO] RPC client: Communicator ended with: 0
2026/09/04 15:52:58 [INFO] RPC endpoint: Communicator ended with: 0
2026/09/04 15:52:58 packer-provisioner-shell plugin: [INFO] RPC client: Communicator ended with: 0
2026/09/04 15:52:58 packer-plugin-amazon_v1.8.2_x5.0_darwin_arm64 plugin: 2026/09/04 15:52:58 [DEBUG] Opening new ssh session
2026/09/04 15:52:58 packer-plugin-amazon_v1.8.2_x5.0_darwin_arm64 plugin: 2026/09/04 15:52:58 [DEBUG] starting remote command: rm -f
2026/09/04 15:52:59 packer-plugin-amazon_v1.8.2_x5.0_darwin_arm64 plugin: 2026/09/04 15:52:59 [INFO] RPC endpoint: Communicator ended with: 0
2026/09/04 15:52:59 [INFO] RPC client: Communicator ended with: 0
2026/09/04 15:52:59 [INFO] RPC endpoint: Communicator ended with: 0
2026/09/04 15:52:59 packer-provisioner-shell plugin: [INFO] RPC client: Communicator ended with: 0
2026/09/04 15:52:59 [INFO] (telemetry) ending shell
2026/09/04 15:52:59 ui: [1;32m==> three-tier-backend.amazon-ebs.backend: Stopping the source instance...[0m
2026/09/04 15:52:59 ui: [1;32m==> three-tier-backend.amazon-ebs.backend: Stopping instance[0m
2026/09/04 15:53:00 ui: [1;32m==> three-tier-backend.amazon-ebs.backend: Waiting for the instance to stop...[0m
2026/09/04 15:53:35 ui: [1;32m==> three-tier-backend.amazon-ebs.backend: Creating AMI three-tier-backend-20260904101737 from instance i-0e0cc070a8bb8239a[0m
2026/09/04 15:53:35 ui: [1;32m==> three-tier-backend.amazon-ebs.backend: Attaching run tags to AMI...[0m
2026/09/04 15:53:36 ui: [1;32m==> three-tier-backend.amazon-ebs.backend: AMI: ami-09c36e6027d66697d[0m
2026/09/04 15:53:36 ui: [1;32m==> three-tier-backend.amazon-ebs.backend: Waiting for AMI to become ready...[0m
2026/09/04 15:53:36 packer-plugin-amazon_v1.8.2_x5.0_darwin_arm64 plugin: 2026/09/04 15:53:36 Waiting for AMI (ami-09c36e6027d66697d) to be available...
2026/09/04 15:56:42 packer-plugin-amazon_v1.8.2_x5.0_darwin_arm64 plugin: 2026/09/04 15:56:42 fast-boot disabled, no launch-template to set
2026/09/04 15:56:42 ui: [1;32m==> three-tier-backend.amazon-ebs.backend: Skipping Enable AMI deprecation...[0m
2026/09/04 15:56:42 ui: [1;32m==> three-tier-backend.amazon-ebs.backend: Skipping Enable AMI deregistration protection...[0m
2026/09/04 15:56:42 ui: [1;32m==> three-tier-backend.amazon-ebs.backend: Modifying attributes on AMI (ami-09c36e6027d66697d)...[0m
2026/09/04 15:56:42 ui: [1;32m==> three-tier-backend.amazon-ebs.backend: Modifying: description[0m
2026/09/04 15:56:43 ui: [1;32m==> three-tier-backend.amazon-ebs.backend: Modifying attributes on snapshot (snap-048d2c022d64180e7)...[0m
2026/09/04 15:56:43 ui: [1;32m==> three-tier-backend.amazon-ebs.backend: Adding tags to AMI (ami-09c36e6027d66697d)...[0m
2026/09/04 15:56:43 ui: [1;32m==> three-tier-backend.amazon-ebs.backend: Tagging snapshot: snap-048d2c022d64180e7[0m
2026/09/04 15:56:43 ui: [1;32m==> three-tier-backend.amazon-ebs.backend: Creating AMI tags[0m
2026/09/04 15:56:43 ui: [1;32m==> three-tier-backend.amazon-ebs.backend: Adding tag: "Name": "three-tier-backend"[0m
2026/09/04 15:56:43 ui: [1;32m==> three-tier-backend.amazon-ebs.backend: Adding tag: "Component": "backend"[0m
2026/09/04 15:56:43 ui: [1;32m==> three-tier-backend.amazon-ebs.backend: Adding tag: "Environment": "dev"[0m
2026/09/04 15:56:43 ui: [1;32m==> three-tier-backend.amazon-ebs.backend: Creating snapshot tags[0m
2026/09/04 15:56:43 ui: [1;32m==> three-tier-backend.amazon-ebs.backend: Terminating the source AWS instance...[0m
2026/09/04 15:56:59 ui: [1;32m==> three-tier-backend.amazon-ebs.backend: Cleaning up any extra volumes...[0m
2026/09/04 15:57:00 ui: [1;32m==> three-tier-backend.amazon-ebs.backend: No volumes to clean up, skipping[0m
2026/09/04 15:57:00 ui: [1;32m==> three-tier-backend.amazon-ebs.backend: Deleting temporary keypair...[0m
2026/09/04 15:57:00 [INFO] (telemetry) ending amazon-ebs.backend
2026/09/04 15:57:00 ui: [1;32m==> three-tier-backend.amazon-ebs.backend: Running post-processor:  (type manifest)[0m
2026/09/04 15:57:00 [INFO] (telemetry) Starting post-processor manifest
2026/09/04 15:57:00 packer-post-processor-manifest plugin: [DEBUG] - common: sending ConfigSpec as protobuf
2026/09/04 15:57:00 [DEBUG] - common: receiving ConfigSpec as protobuf
2026/09/04 15:57:00 [INFO] (telemetry) ending manifest
2026/09/04 15:57:00 Flagging to keep original artifact from post-processor 'manifest'
2026/09/04 15:57:00 ui: [1;32mBuild 'three-tier-backend.amazon-ebs.backend' finished after 9 minutes 23 seconds.[0m
2026/09/04 15:57:00 ui: 
==> Wait completed after 9 minutes 23 seconds
2026/09/04 15:57:00 ui: 
==> Builds finished. The artifacts of successful builds are:
2026/09/04 15:57:00 machine readable: three-tier-backend.amazon-ebs.backend,artifact-count []string{"2"}
2026/09/04 15:57:00 machine readable: three-tier-backend.amazon-ebs.backend,artifact []string{"0", "builder-id", "mitchellh.amazonebs"}
2026/09/04 15:57:00 machine readable: three-tier-backend.amazon-ebs.backend,artifact []string{"0", "id", "us-east-1:ami-09c36e6027d66697d"}
2026/09/04 15:57:00 machine readable: three-tier-backend.amazon-ebs.backend,artifact []string{"0", "string", "AMIs were created:\nus-east-1: ami-09c36e6027d66697d\n"}
2026/09/04 15:57:00 machine readable: three-tier-backend.amazon-ebs.backend,artifact []string{"0", "files-count", "0"}
2026/09/04 15:57:00 machine readable: three-tier-backend.amazon-ebs.backend,artifact []string{"0", "end"}
2026/09/04 15:57:00 ui: --> three-tier-backend.amazon-ebs.backend: AMIs were created:
us-east-1: ami-09c36e6027d66697d
2026/09/04 15:57:00 machine readable: three-tier-backend.amazon-ebs.backend,artifact []string{"1", "builder-id", "mitchellh.amazonebs"}
2026/09/04 15:57:00 machine readable: three-tier-backend.amazon-ebs.backend,artifact []string{"1", "id", "us-east-1:ami-09c36e6027d66697d"}
2026/09/04 15:57:00 machine readable: three-tier-backend.amazon-ebs.backend,artifact []string{"1", "string", "AMIs were created:\nus-east-1: ami-09c36e6027d66697d\n"}
2026/09/04 15:57:00 machine readable: three-tier-backend.amazon-ebs.backend,artifact []string{"1", "files-count", "0"}
2026/09/04 15:57:00 machine readable: three-tier-backend.amazon-ebs.backend,artifact []string{"1", "end"}
2026/09/04 15:57:00 ui: --> three-tier-backend.amazon-ebs.backend: AMIs were created:
us-east-1: ami-09c36e6027d66697d
2026/09/04 15:57:00 [INFO] (telemetry) Finalizing.
2026/09/04 15:57:01 waiting for all plugin processes to complete...
2026/09/04 15:57:01 /opt/homebrew/bin/packer: plugin process exited
2026/09/04 15:57:01 /opt/homebrew/bin/packer: plugin process exited
2026/09/04 15:57:01 /opt/homebrew/bin/packer: plugin process exited
2026/09/04 15:57:01 /opt/homebrew/bin/packer: plugin process exited
2026/09/04 15:57:01 /opt/homebrew/bin/packer: plugin process exited
2026/09/04 15:57:01 /opt/homebrew/bin/packer: plugin process exited
2026/09/04 15:57:01 /Users/brijeshbolar/.config/packer/plugins/github.com/hashicorp/amazon/packer-plugin-amazon_v1.8.2_x5.0_darwin_arm64: plugin process exited
2026/09/04 15:57:01 /opt/homebrew/bin/packer: plugin process exited
